kombo,isim,silah,kalip,cast,isabet,konum,govdeye_girmedi,tek_sistem,hata_yok,sure,sicrama_yok,gecti,beklenen_konum,gercek_konum,hasar,etki,min_merkez_m,temas_m,kalip_sn,beklenen_sn,toplam_sn,bacak,notlar
3-2,"Emici Adım","Kılıç","icinden_emme",1,1,1,1,1,1,1,1,1,"arka","arka",0.00,"",0.15,1.28,0.27,0.28,0.63,"13/16 kare koşu, ayak/gövde hız oranı 1,00","hasarsız skill (base_damage 0): etki hareketin kendisi; vuruş 1: 0,52s@boss0,82m/oyuncu1,36m; kalıp sonu: merkeze 2,58 m, başlangıçtan 4,89 m, kalıp simülasyonundan 0,69 m, boss 0,69 m kaydı; gövdeye girdi: merkeze 0,15 m (t=0,48, temas 1,28) geçiş tasarım gereği"
5-2,"Emici Patlama","Kılıç","ceken_girdap",1,1,1,1,1,1,1,1,1,"yerinde","yerinde",26.60,"oyuncu +8 can",1.43,1.28,1.30,1.32,1.67,"0/1 kare koşu","vuruş 3: 1,04s@boss0,00m/oyuncu1,43m 1,54s@boss0,00m/oyuncu1,43m 1,59s@boss0,00m/oyuncu1,43m; kalıp sonu: merkeze 1,43 m, başlangıçtan 0,16 m, kalıp simülasyonundan 0,16 m, boss 1,73 m kaydı"
6-2,"Emici Bağ","Kılıç","bossu_cek",1,1,1,1,1,1,1,1,1,"geri","geri",6.08,"boss:Root, boss hız x0,00, oyuncu +2 can",2.15,1.28,0.43,0.44,0.85,"14/17 kare koşu, ayak/gövde hız oranı 1,00","vuruş 1: 0,70s@boss1,13m/oyuncu1,36m; kalıp sonu: merkeze 2,93 m, başlangıçtan 1,60 m, kalıp simülasyonundan 0,00 m, boss 1,67 m kaydı"
12-2,"Emici Zaman","Kılıç","ceken_girdap",1,1,1,1,1,1,1,1,1,"yerinde","yerinde",0.00,"boss:Slow, oyuncu:Haste, boss hız x0,70, oyuncu hız x1,30",1.43,1.28,1.32,1.32,1.72,"0/1 kare koşu","vuruş 3: 1,07s@boss0,00m/oyuncu1,43m 1,57s@boss0,00m/oyuncu1,43m 1,64s@boss0,00m/oyuncu1,43m; kalıp sonu: merkeze 1,43 m, başlangıçtan 0,08 m, kalıp simülasyonundan 0,08 m, boss 1,65 m kaydı"
1-2,"Emici Vuruş","Kılıç","kan_ceken_pence",1,1,0,1,1,1,1,1,0,"ön","başlangıç",38.00,"oyuncu +11 can",1.40,1.28,0.37,0.38,0.73,"0/20 kare koşu","vuruş 3: 0,45s@boss1,21m/oyuncu1,02m 0,57s@boss0,42m/oyuncu1,02m 0,70s@boss0,41m/oyuncu1,02m; kalıp sonu: merkeze 1,43 m, başlangıçtan 0,05 m, kalıp simülasyonundan 1,62 m, boss 1,62 m kaydı"
2-2,"Emici Şifa","Kılıç","uzaktan_emme",1,1,1,1,1,1,1,1,1,"yerinde","yerinde",26.60,"oyuncu +11 can, dost +11 can",1.35,1.28,2.15,2.16,2.57,"0/1 kare koşu","vuruş 4: 1,07s@boss1,29m/oyuncu2,64m 1,57s@boss1,29m/oyuncu2,64m 2,07s@boss1,29m/oyuncu2,64m 2,57s@boss1,29m/oyuncu2,64m; kalıp sonu: merkeze 1,35 m, başlangıçtan 0,19 m, kalıp simülasyonundan 0,16 m, boss 1,46 m kaydı"
4-2,"Emici Kalkan","Kılıç","kalkan_calma",1,1,1,1,1,1,1,1,1,"ön","ön",38.00,"oyuncu:Shield, kalkan 25",1.35,1.28,0.18,0.20,0.60,"","vuruş 1: 0,53s@boss0,16m/oyuncu1,19m; kalıp sonu: merkeze 1,35 m, başlangıçtan 1,65 m, kalıp simülasyonundan 0,15 m"
3-6,"Bağlayıcı Adım","Kılıç","kanca_cekis",1,1,1,1,0,1,1,1,0,"arka","arka",0.00,"boss:Root+Slow, boss hız x0,00",1.35,1.28,0.73,0.74,1.10,"16/16 kare koşu, ayak/gövde hız oranı 1,00","vuruş 1: 1,02s@boss0,00m/oyuncu1,43m; kalıp sonu: merkeze 1,43 m, başlangıçtan 4,43 m, kalıp simülasyonundan 0,00 m; yer değiştiren: kalıp 4,57 m, başka 0,16 m, SkillMotionDriver 0 kare, dodge 0 kare"
3-3,"Sıçrayan Adım","Asa","sekmeli_ziplama",1,1,0,1,0,1,1,0,0,"arka","ön",0.00,"",1.35,1.28,0.59,0.60,1.12,"0/35 kare koşu","hasarsız skill (base_damage 0): etki hareketin kendisi; vuruş 3: 0,67s@boss1,43m/oyuncu0,00m 0,87s@boss1,91m/oyuncu0,00m 1,07s@boss1,60m/oyuncu0,00m; kalıp sonu: merkeze 1,43 m, başlangıçtan 2,17 m, kalıp simülasyonundan 1,71 m; yer değiştiren: kalıp 9,64 m, başka 0,16 m, SkillMotionDriver 0 kare, dodge 0 kare; tek karede 0,88 m sıçrama (t=1,03, faz sek_3); toparlanma 0,53 sn (tablo 0,26)"
3-2,"Emici Adım","Asa","icinden_emme",1,1,1,1,1,1,1,1,1,"arka","arka",0.00,"",0.05,1.28,0.27,0.28,0.80,"13/16 kare koşu, ayak/gövde hız oranı 1,00","hasarsız skill (base_damage 0): etki hareketin kendisi; vuruş 1: 0,68s@boss0,37m/oyuncu1,36m; kalıp sonu: merkeze 2,58 m, başlangıçtan 5,51 m, kalıp simülasyonundan 0,07 m; gövdeye girdi: merkeze 0,05 m (t=0,62, temas 1,28) geçiş tasarım gereği; toparlanma 0,53 sn (tablo 0,26)"
5-2,"Emici Patlama","Asa","ceken_girdap",1,1,0,0,0,1,1,1,0,"yerinde","ön",19.15,"oyuncu +6 can",0.99,1.28,1.32,1.32,1.85,"","vuruş 3: 1,20s@boss0,00m/oyuncu1,35m 1,70s@boss0,00m/oyuncu1,35m 1,77s@boss0,00m/oyuncu1,35m; kalıp sonu: merkeze 1,35 m, başlangıçtan 2,01 m, kalıp simülasyonundan 2,01 m, boss 0,36 m kaydı; gövdeye girdi: merkeze 0,99 m (t=0,02, temas 1,28); yer değiştiren: kalıp 0,58 m, başka 0,58 m, SkillMotionDriver 0 kare, dodge 0 kare; toparlanma 0,53 sn (tablo 0,26)"
6-2,"Emici Bağ","Asa","bossu_cek",1,1,0,1,0,1,1,1,0,"geri","ön",5.47,"boss:Root, boss hız x0,00, oyuncu +2 can",1.35,1.28,0.43,0.44,0.97,"","vuruş 1: 0,82s@boss0,87m/oyuncu0,48m; kalıp sonu: merkeze 1,35 m, başlangıçtan 1,65 m, kalıp simülasyonundan 3,25 m; yer değiştiren: kalıp 1,68 m, başka 1,68 m, SkillMotionDriver 0 kare, dodge 0 kare; toparlanma 0,53 sn (tablo 0,26)"
12-2,"Emici Zaman","Asa","ceken_girdap",1,1,0,1,1,1,1,0,0,"yerinde","ön",0.00,"boss:Slow, oyuncu:Haste, boss hız x0,70, oyuncu hız x1,30",1.35,1.28,1.31,1.32,1.84,"1/1 kare koşu, ayak/gövde hız oranı 0,05","vuruş 3: 1,20s@boss0,00m/oyuncu1,35m 1,70s@boss0,00m/oyuncu1,35m 1,75s@boss0,00m/oyuncu1,35m; kalıp sonu: merkeze 1,35 m, başlangıçtan 1,65 m, kalıp simülasyonundan 1,65 m; tek karede 1,65 m sıçrama (t=0,53, faz ac); toparlanma 0,53 sn (tablo 0,26)"
3-6,"Bağlayıcı Adım","Asa","kanca_cekis",1,1,1,1,0,1,1,1,0,"arka","arka",0.00,"boss:Root+Slow, boss hız x0,00",1.35,1.28,0.73,0.74,1.27,"16/16 kare koşu, ayak/gövde hız oranı 1,00","vuruş 1: 1,18s@boss0,00m/oyuncu1,43m; kalıp sonu: merkeze 1,43 m, başlangıçtan 4,43 m, kalıp simülasyonundan 0,00 m; yer değiştiren: kalıp 4,57 m, başka 0,16 m, SkillMotionDriver 0 kare, dodge 0 kare; toparlanma 0,53 sn (tablo 0,26)"
2-6,"Bağlayıcı Şifa","Asa","dostu_kanca",1,1,1,0,1,1,1,0,0,"arka","arka",0.00,"oyuncu +11 can",0.93,1.28,0.52,0.52,0.98,"18/21 kare koşu, ayak/gövde hız oranı 0,16","vuruş 1: 0,92s@boss39,07m/oyuncu0,40m; kalıp sonu: merkeze 45,93 m, başlangıçtan 48,93 m, kalıp simülasyonundan 0,00 m, kalıp hedefi AllyDummy; gövdeye girdi: merkeze 0,93 m (t=0,63, temas 1,28); tek karede 2,49 m sıçrama (t=0,92, faz cek); toparlanma 0,46 sn (tablo 0,26)"
