kombo,isim,silah,kalip,cast,isabet,konum,govdeye_girmedi,tek_sistem,hata_yok,sure,sicrama_yok,yerde,gecti,beklenen_konum,gercek_konum,hasar,etki,min_merkez_m,temas_m,kalip_sn,beklenen_sn,toplam_sn,ayak_m,inis_m,bacak,notlar
1-1,"Yoğun Vuruş","Kılıç","yukle_birak",1,1,1,1,1,1,1,1,1,1,"ön","ön",222856.00,"",1.50,1.35,0.56,0.52,0.92,0.00,0.00,"0/3 kare koşu","vuruş 1: 0,79s@boss0,20m/oyuncu1,53m; kalıp sonu: merkeze 1,50 m, başlangıçtan 1,50 m, kalıp simülasyonundan 0,00 m; uyarı: [PlaceholderFactory] VFX asset missing (trail/straight); using element_color primitive placeholder."
1-2,"Emici Vuruş","Kılıç","kan_ceken_pence",1,1,1,1,1,1,1,1,1,1,"yerinde","yerinde",150504.00,"oyuncu +45149 can",1.35,1.35,0.39,0.38,0.79,0.00,0.00,"","vuruş 3: 0,46s@boss1,73m/oyuncu1,02m 0,59s@boss1,19m/oyuncu1,02m 0,73s@boss0,64m/oyuncu1,02m; kalıp sonu: merkeze 1,38 m, başlangıçtan 0,00 m, kalıp simülasyonundan 1,50 m, boss 1,62 m kaydı"
1-3,"Sıçrayan Vuruş","Kılıç","yan_yan_sekme",1,1,1,1,1,1,1,1,1,1,"geri","geri",162200.00,"",2.85,1.35,0.47,0.46,0.87,0.00,0.00,"0/7 kare koşu","vuruş 2: 0,47s@boss0,74m/oyuncu3,52m 0,80s@boss0,74m/oyuncu4,37m; kalıp sonu: merkeze 3,70 m, başlangıçtan 1,30 m, kalıp simülasyonundan 0,00 m"
1-4,"Sabit Vuruş","Kılıç","yere_cakilan",1,1,1,1,1,1,1,1,1,1,"yerinde","yerinde",161248.00,"",2.80,1.35,0.47,0.42,0.87,0.00,0.00,"","vuruş 1: 0,73s@boss2,81m/oyuncu0,00m; kalıp sonu: merkeze 2,80 m, başlangıçtan 0,20 m, kalıp simülasyonundan 0,00 m"
1-5,"Yayılan Vuruş","Kılıç","donen_kesik",1,1,1,1,1,1,1,1,1,1,"yerinde","yerinde",141048.00,"",3.00,1.35,0.60,0.55,1.00,0.00,0.00,"","vuruş 1: 0,60s@boss3,00m/oyuncu0,00m; kalıp sonu: merkeze 3,00 m, başlangıçtan 0,00 m, kalıp simülasyonundan 0,00 m"
1-6,"Bağlayıcı Vuruş","Kılıç","zincirli_firlatma",1,1,1,1,1,1,1,1,1,1,"ön","ön",157216.00,"boss:Root+Slow, boss hız x0,00",1.50,1.35,0.72,0.70,1.12,0.00,0.00,"1/4 kare koşu, ayak/gövde hız oranı 0,95","vuruş 2: 0,52s@boss0,45m/oyuncu3,45m 0,99s@boss0,56m/oyuncu1,28m; kalıp sonu: merkeze 1,50 m, başlangıçtan 1,50 m, kalıp simülasyonundan 0,00 m"
2-1,"Yoğun Şifa","Kılıç","tek_dokunus",1,1,1,1,1,1,1,1,1,1,"geri","geri",0.00,"oyuncu +112000 can",3.00,1.35,0.20,0.16,0.67,0.00,0.00,"0/2 kare koşu","vuruş 1: 0,53s@boss3,89m/oyuncu0,68m; kalıp sonu: merkeze 3,41 m, başlangıçtan 0,55 m, kalıp simülasyonundan 0,00 m, kalıp hedefi AllyDummy; uyarı: [PlaceholderFactory] VFX asset missing (trail/blink_line); using element_color primitive placeholder."
2-2,"Emici Şifa","Kılıç","uzaktan_emme",1,1,1,1,1,1,1,1,1,1,"yerinde","yerinde",53184.00,"oyuncu +56000 can, dost +56000 can",2.65,1.35,2.20,2.16,2.60,0.00,0.00,"","vuruş 4: 1,00s@boss0,19m/oyuncu2,72m 1,53s@boss0,10m/oyuncu2,72m 2,00s@boss0,02m/oyuncu2,72m 2,53s@boss0,07m/oyuncu2,72m; kalıp sonu: merkeze 2,65 m, başlangıçtan 0,35 m, kalıp simülasyonundan 0,00 m"
2-3,"Sıçrayan Şifa","Kılıç","dosttan_dosta",1,1,1,1,1,1,1,1,1,1,"yerinde","yerinde",0.00,"oyuncu +40000 can, dost +72000 can",3.00,1.35,0.60,0.54,1.00,0.00,0.00,"","vuruş 3: 0,53s@boss6,43m/oyuncu3,95m 0,60s@boss6,98m/oyuncu4,53m 0,81s@boss6,88m/oyuncu4,54m; kalıp sonu: merkeze 3,00 m, başlangıçtan 0,00 m, kalıp simülasyonundan 0,00 m, kalıp hedefi AllyDummy"
2-4,"Sabit Şifa","Kılıç","totem_dikme",1,1,1,1,1,1,1,1,1,1,"yerinde","yerinde",0.00,"oyuncu +112000 can",3.00,1.35,0.33,0.30,0.80,0.00,0.00,"","vuruş 1: 0,67s@boss3,10m/oyuncu0,00m; kalıp sonu: merkeze 3,11 m, başlangıçtan 0,15 m, kalıp simülasyonundan 0,00 m, kalıp hedefi AllyDummy"
2-5,"Yayılan Şifa","Kılıç","genisleyen_halka",1,1,1,1,1,1,1,1,1,1,"yerinde","yerinde",0.00,"oyuncu +112000 can",3.00,1.35,0.60,0.58,1.07,0.00,0.00,"","vuruş 1: 0,87s@boss3,00m/oyuncu0,00m; kalıp sonu: merkeze 3,00 m, başlangıçtan 0,00 m, kalıp simülasyonundan 0,00 m"
2-6,"Bağlayıcı Şifa","Kılıç","dostu_kanca",1,1,1,1,1,1,1,1,1,1,"geri","geri",0.00,"oyuncu +112000 can",3.00,1.35,0.53,0.52,1.00,0.00,0.00,"1/6 kare koşu, ayak/gövde hız oranı 1,03","vuruş 1: 0,87s@boss5,80m/oyuncu0,40m; kalıp sonu: merkeze 5,92 m, başlangıçtan 3,40 m, kalıp simülasyonundan 0,00 m, kalıp hedefi AllyDummy"
3-1,"Yoğun Adım","Kılıç","isinlan_kes",1,1,1,1,1,1,1,1,1,1,"arka","arka",0.00,"",1.50,1.35,0.53,0.48,0.93,0.00,0.00,"0/1 kare koşu","hasarsız skill (base_damage 0): etki hareketin kendisi; vuruş 1: 0,80s@boss0,00m/oyuncu1,50m; kalıp sonu: merkeze 1,50 m, başlangıçtan 4,50 m, kalıp simülasyonundan 0,00 m; tek karede 4,50 m sıçrama (sınır 2,49 m @ 67 ms, t=0,73, faz isin, blink tasarım gereği)"
3-2,"Emici Adım","Kılıç","icinden_emme",1,1,1,1,1,1,1,1,1,1,"arka","arka",0.00,"",0.16,1.35,0.33,0.28,0.73,0.00,0.00,"1/5 kare koşu, ayak/gövde hız oranı 1,02","hasarsız skill (base_damage 0): etki hareketin kendisi; vuruş 1: 0,53s@boss0,24m/oyuncu1,36m; kalıp sonu: merkeze 2,61 m, başlangıçtan 5,27 m, kalıp simülasyonundan 0,38 m, boss 0,34 m kaydı; gövdeye girdi: merkeze 0,16 m (t=0,47, temas 1,35) geçiş tasarım gereği"
3-3,"Sıçrayan Adım","Kılıç","sekmeli_ziplama",1,1,1,1,1,1,1,1,1,1,"arka","arka",0.00,"",1.50,1.35,0.59,0.60,0.99,0.00,0.00,"0/9 kare koşu","hasarsız skill (base_damage 0): etki hareketin kendisi; vuruş 3: 0,53s@boss1,79m/oyuncu0,00m 0,73s@boss1,50m/oyuncu0,00m 0,94s@boss1,50m/oyuncu0,00m; kalıp sonu: merkeze 1,50 m, başlangıçtan 4,50 m, kalıp simülasyonundan 0,00 m"
3-4,"Sabit Adım","Kılıç","geri_sarma",1,1,1,1,1,1,1,1,1,1,"başlangıç","başlangıç",0.00,"",1.50,1.35,2.67,2.66,3.07,0.00,0.00,"0/8 kare koşu","hasarsız skill (base_damage 0): etki hareketin kendisi; kalıp sonu: merkeze 3,00 m, başlangıçtan 0,00 m, kalıp simülasyonundan 0,00 m; uyarı: Hareket kalıbı konumu yönetiyor; gramer konum adımı atlandı: 3-4 isaret_geri_don"
3-5,"Yayılan Adım","Kılıç","dalis_patlamasi",1,1,1,1,1,1,1,1,1,1,"ön","ön",0.00,"",1.50,1.35,0.47,0.42,0.87,0.00,0.00,"0/4 kare koşu","hasarsız skill (base_damage 0): etki hareketin kendisi; vuruş 1: 0,67s@boss1,50m/oyuncu0,00m; kalıp sonu: merkeze 1,50 m, başlangıçtan 1,50 m, kalıp simülasyonundan 0,00 m"
3-6,"Bağlayıcı Adım","Kılıç","kanca_cekis",1,1,1,1,1,1,1,1,1,1,"arka","arka",0.00,"boss:Root+Slow, boss hız x0,00",1.50,1.35,0.80,0.74,1.20,0.00,0.00,"1/10 kare koşu, ayak/gövde hız oranı 1,02","vuruş 1: 1,00s@boss0,00m/oyuncu1,50m; kalıp sonu: merkeze 1,50 m, başlangıçtan 4,50 m, kalıp simülasyonundan 0,00 m; uyarı: Hareket kalıbı konumu yönetiyor; gramer konum adımı atlandı: 3-6 yer_degistir"
4-1,"Yoğun Kalkan","Kılıç","tam_zamanli",1,1,1,1,1,1,1,1,1,1,"yerinde","yerinde",0.00,"",3.00,1.35,0.53,0.50,1.00,0.00,0.00,"","hasarsız skill (base_damage 0): etki hareketin kendisi; vuruş 1: 0,80s@boss0,62m/oyuncu2,38m; kalıp sonu: merkeze 3,00 m, başlangıçtan 0,00 m, kalıp simülasyonundan 0,00 m"
4-2,"Emici Kalkan","Kılıç","kalkan_calma",1,1,1,1,1,1,1,1,1,1,"yerinde","yerinde",76000.00,"",1.35,1.35,0.27,0.20,0.67,0.00,0.00,"","vuruş 1: 0,47s@boss1,45m/oyuncu1,28m; kalıp sonu: merkeze 1,90 m, başlangıçtan 0,00 m, kalıp simülasyonundan 1,50 m, boss 1,10 m kaydı"
4-3,"Sıçrayan Kalkan","Kılıç","seken_disk",1,1,1,1,1,1,1,1,1,1,"yerinde","yerinde",0.00,"",3.00,1.35,0.47,0.42,0.93,0.00,0.00,"","hasarsız skill (base_damage 0): etki hareketin kendisi; vuruş 2: 0,60s@boss0,30m/oyuncu3,30m 0,73s@boss3,04m/oyuncu1,43m; kalıp sonu: merkeze 3,00 m, başlangıçtan 0,00 m, kalıp simülasyonundan 0,00 m"
5-1,"Yoğun Patlama","Kılıç","saplanan_fitil",1,1,1,1,1,1,1,1,1,1,"geri","geri",155816.00,"",2.37,1.35,1.60,1.62,2.00,0.00,0.00,"1/6 kare koşu, ayak/gövde hız oranı 0,99","vuruş 2: 0,46s@boss0,85m/oyuncu1,52m 2,00s@boss0,85m/oyuncu2,95m; kalıp sonu: merkeze 3,80 m, başlangıçtan 0,80 m, kalıp simülasyonundan 0,00 m; uyarı: [PlaceholderFactory] VFX asset missing (trail/ground_marker); using element_color primitive placeholder."
5-2,"Emici Patlama","Kılıç","ceken_girdap",1,1,1,1,1,1,1,1,1,1,"yerinde","yerinde",105096.00,"oyuncu +31530 can",1.35,1.35,1.33,1.32,1.73,0.00,0.00,"","vuruş 3: 1,07s@boss0,00m/oyuncu1,35m 1,53s@boss0,00m/oyuncu1,35m 1,60s@boss0,00m/oyuncu1,35m; kalıp sonu: merkeze 1,35 m, başlangıçtan 0,00 m, kalıp simülasyonundan 0,00 m, boss 1,65 m kaydı"
5-3,"Sıçrayan Patlama","Kılıç","seken_bomba",1,1,1,1,1,1,1,1,1,1,"yerinde","yerinde",113224.00,"",3.00,1.35,0.60,0.58,0.95,0.00,0.00,"","vuruş 3: 0,49s@boss0,40m/oyuncu3,40m 0,62s@boss0,00m/oyuncu3,00m 0,82s@boss0,35m/oyuncu3,02m; kalıp sonu: merkeze 3,00 m, başlangıçtan 0,00 m, kalıp simülasyonundan 0,00 m"
6-1,"Yoğun Bağ","Kılıç","sinir_noktasi",1,1,1,1,1,1,1,1,1,1,"ön","ön",35800.00,"boss:Stun, boss hız x0,00",1.50,1.35,0.40,0.34,0.80,0.00,0.00,"0/4 kare koşu","vuruş 1: 0,67s@boss0,91m/oyuncu0,59m; kalıp sonu: merkeze 1,50 m, başlangıçtan 1,50 m, kalıp simülasyonundan 0,00 m"
6-2,"Emici Bağ","Kılıç","bossu_cek",1,1,1,1,1,1,1,1,1,1,"geri","geri",23472.00,"boss:Root, boss hız x0,00, oyuncu +7043 can",1.35,1.35,0.47,0.44,0.87,0.00,0.00,"2/5 kare koşu, ayak/gövde hız oranı 1,01","vuruş 1: 0,67s@boss1,54m/oyuncu1,36m; kalıp sonu: merkeze 2,67 m, başlangıçtan 1,60 m, kalıp simülasyonundan 0,00 m, boss 1,93 m kaydı"
6-3,"Sıçrayan Bağ","Kılıç","basip_sekme",1,1,1,1,1,1,1,1,1,1,"başlangıç","başlangıç",25464.00,"boss:Root, boss hız x0,00",1.67,1.35,0.54,0.52,1.00,0.00,0.00,"0/7 kare koşu","vuruş 1: 0,73s@boss1,50m/oyuncu0,27m; kalıp sonu: merkeze 3,20 m, başlangıçtan 0,20 m, kalıp simülasyonundan 0,00 m"
1-7,"Bulandırıcı Vuruş","Kılıç","dumandan_cikis",1,1,1,1,1,1,1,1,1,1,"ön","ön",163832.00,"boss:Blind",1.50,1.35,0.53,0.48,0.94,0.00,0.00,"0/3 kare koşu","vuruş 1: 0,73s@boss0,73m/oyuncu1,36m; kalıp sonu: merkeze 1,50 m, başlangıçtan 1,50 m, kalıp simülasyonundan 0,00 m"
1-8,"Yükselen Vuruş","Kılıç","havaya_kaldirma",1,1,1,1,1,1,1,1,1,1,"ön","ön",167784.00,"boss:Stun, boss hız x0,00",1.90,1.35,0.40,0.34,0.80,0.00,0.00,"0/5 kare koşu","vuruş 1: 0,53s@boss1,08m/oyuncu1,28m; kalıp sonu: merkeze 1,90 m, başlangıçtan 1,10 m, kalıp simülasyonundan 0,00 m"
1-9,"Odaklı Vuruş","Kılıç","isarete_vur",1,1,1,1,1,1,1,1,1,1,"ön","ön",265184.00,"",1.65,1.35,0.40,0.38,0.80,0.00,0.00,"0/3 kare koşu","vuruş 1: 0,66s@boss0,78m/oyuncu1,28m; kalıp sonu: merkeze 1,65 m, başlangıçtan 1,35 m, kalıp simülasyonundan 0,00 m"
2-7,"Bulandırıcı Şifa","Kılıç","sis_ortusu",1,1,1,1,1,1,1,1,1,1,"yerinde","yerinde",0.00,"oyuncu +112000 can",3.00,1.35,0.33,0.30,0.73,0.00,0.00,"","vuruş 1: 0,53s@boss0,00m/oyuncu3,00m; kalıp sonu: merkeze 3,00 m, başlangıçtan 0,00 m, kalıp simülasyonundan 0,00 m"
2-8,"Yükselen Şifa","Kılıç","yerden_buyuyen",1,1,1,1,1,1,1,1,1,1,"yerinde","yerinde",0.00,"oyuncu +112000 can",3.00,1.35,0.47,0.42,0.93,0.00,0.00,"","vuruş 1: 0,73s@boss6,98m/oyuncu4,33m; kalıp sonu: merkeze 3,18 m, başlangıçtan 0,25 m, kalıp simülasyonundan 0,00 m, kalıp hedefi AllyDummy"
2-9,"Odaklı Şifa","Kılıç","koruyucu_isaret",1,1,1,1,1,1,1,1,1,1,"geri","geri",0.00,"oyuncu +112000 can",3.00,1.35,0.27,0.20,0.73,0.00,0.00,"0/3 kare koşu","vuruş 1: 0,60s@boss3,90m/oyuncu0,35m; kalıp sonu: merkeze 3,61 m, başlangıçtan 0,80 m, kalıp simülasyonundan 0,00 m, kalıp hedefi AllyDummy"
3-7,"Bulandırıcı Adım","Kılıç","duman_kaybolma",1,1,1,1,1,1,1,1,1,1,"ön","ön",0.00,"boss:Blind, oyuncu:Stealth",1.50,1.35,0.60,0.59,1.00,0.00,0.00,"0/2 kare koşu","vuruş 1: 0,53s@boss1,50m/oyuncu0,00m; kalıp sonu: merkeze 1,50 m, başlangıçtan 1,50 m, kalıp simülasyonundan 0,00 m"
3-8,"Yükselen Adım","Kılıç","sicrayip_cakilma",1,1,1,1,1,1,1,1,1,1,"ön","ön",0.00,"oyuncu:Haste, oyuncu hız x1,10",1.50,1.35,0.87,0.82,1.27,0.00,0.00,"0/5 kare koşu","vuruş 1: 1,13s@boss1,50m/oyuncu0,00m; kalıp sonu: merkeze 1,50 m, başlangıçtan 1,50 m, kalıp simülasyonundan 0,00 m"
3-9,"Odaklı Adım","Kılıç","isinlan_kes",1,1,1,1,1,1,1,1,1,1,"arka","arka",0.00,"",1.50,1.35,0.53,0.48,0.93,0.00,0.00,"0/1 kare koşu","hasarsız skill (base_damage 0): etki hareketin kendisi; vuruş 1: 0,80s@boss0,00m/oyuncu1,50m; kalıp sonu: merkeze 1,50 m, başlangıçtan 4,50 m, kalıp simülasyonundan 0,00 m; tek karede 4,50 m sıçrama (sınır 2,42 m @ 65 ms, t=0,73, faz isin, blink tasarım gereği); uyarı: Hareket kalıbı konumu yönetiyor; gramer konum adımı atlandı: 3-9 hedefin_arkasina"
7-1,"Yoğun Zafiyet","Kılıç","diken_firlatma",1,1,1,1,1,1,1,1,1,1,"yerinde","yerinde",21600.00,"",3.00,1.35,0.34,0.40,0.80,0.00,0.00,"","vuruş 1: 0,80s@boss0,30m/oyuncu3,30m; kalıp sonu: merkeze 3,00 m, başlangıçtan 0,00 m, kalıp simülasyonundan 0,00 m"
7-2,"Emici Zafiyet","Kılıç","sokup_cekme",1,1,1,1,1,1,1,1,1,1,"geri","geri",20840.00,"oyuncu +6251 can",3.00,1.35,0.47,0.44,0.93,0.00,0.00,"2/5 kare koşu, ayak/gövde hız oranı 1,02","vuruş 2: 0,60s@boss0,35m/oyuncu3,46m 0,73s@boss2,58m/oyuncu1,19m; kalıp sonu: merkeze 4,30 m, başlangıçtan 1,30 m, kalıp simülasyonundan 0,00 m"
7-3,"Sıçrayan Zafiyet","Kılıç","seken_yaratik",1,1,1,1,1,1,1,1,1,1,"yerinde","yerinde",21072.00,"",3.00,1.35,0.67,0.64,1.13,0.00,0.00,"","vuruş 3: 0,67s@boss0,00m/oyuncu3,00m 0,80s@boss0,35m/oyuncu3,02m 1,00s@boss0,35m/oyuncu3,02m; kalıp sonu: merkeze 3,00 m, başlangıçtan 0,00 m, kalıp simülasyonundan 0,00 m"
8-1,"Yoğun Yükseliş","Kılıç","kuculten_kapi",1,1,1,1,1,1,1,1,1,1,"yerinde","yerinde",0.00,"",3.00,1.35,0.33,0.28,0.80,0.00,0.00,"","hasarsız skill (base_damage 0): etki hareketin kendisi; vuruş 1: 0,60s@boss0,62m/oyuncu2,38m; kalıp sonu: merkeze 3,00 m, başlangıçtan 0,00 m, kalıp simülasyonundan 0,00 m"
8-2,"Emici Yükseliş","Kılıç","kan_muhru",1,1,1,1,1,1,1,1,1,1,"yerinde","yerinde",0.00,"",3.00,1.35,0.34,0.32,0.80,0.00,0.00,"","hasarsız skill (base_damage 0): etki hareketin kendisi; vuruş 1: 0,60s@boss3,00m/oyuncu0,00m; kalıp sonu: merkeze 3,00 m, başlangıçtan 0,00 m, kalıp simülasyonundan 0,00 m"
8-3,"Sıçrayan Yükseliş","Kılıç","pas_verme",1,1,1,1,1,1,1,1,1,1,"yerinde","yerinde",0.00,"",3.00,1.35,0.27,0.24,0.73,0.00,0.00,"","hasarsız skill (base_damage 0): etki hareketin kendisi; vuruş 1: 0,67s@boss6,38m/oyuncu3,90m; kalıp sonu: merkeze 3,00 m, başlangıçtan 0,00 m, kalıp simülasyonundan 0,00 m, kalıp hedefi AllyDummy"
9-1,"Yoğun Arınma","Kılıç","tek_dokunus",1,1,1,1,1,1,1,1,1,1,"geri","geri",0.00,"oyuncu +32000 can",3.00,1.35,0.20,0.16,0.60,0.00,0.00,"0/2 kare koşu","vuruş 1: 0,47s@boss3,89m/oyuncu0,68m; kalıp sonu: merkeze 3,41 m, başlangıçtan 0,55 m, kalıp simülasyonundan 0,00 m, kalıp hedefi AllyDummy"
9-2,"Emici Arınma","Kılıç","cekip_firlat",1,1,1,1,1,1,1,1,1,1,"yerinde","yerinde",0.00,"oyuncu +12000 can, dost +20000 can",3.00,1.35,0.53,0.50,0.93,0.00,0.00,"","vuruş 2: 0,53s@boss2,65m/oyuncu0,35m 0,80s@boss0,30m/oyuncu3,30m; kalıp sonu: merkeze 3,00 m, başlangıçtan 0,00 m, kalıp simülasyonundan 0,00 m"
9-3,"Sıçrayan Arınma","Kılıç","dosttan_dosta",1,1,1,1,1,1,1,1,1,1,"yerinde","yerinde",0.00,"oyuncu +24000 can, dost +12000 can",3.00,1.35,0.60,0.54,1.00,0.00,0.00,"","vuruş 3: 0,53s@boss6,43m/oyuncu3,95m 0,60s@boss6,98m/oyuncu4,53m 0,80s@boss6,88m/oyuncu4,54m; kalıp sonu: merkeze 3,00 m, başlangıçtan 0,00 m, kalıp simülasyonundan 0,00 m, kalıp hedefi AllyDummy"
1-10,"Aynalı Vuruş","Kılıç","sirtta_kapi",1,1,1,1,1,1,1,1,1,1,"ön","ön",12440070.00,"",1.80,1.35,0.33,0.32,0.73,0.00,0.00,"0/3 kare koşu","vuruş 2: 0,47s@boss0,92m/oyuncu1,19m 0,60s@boss0,55m/oyuncu2,35m; kalıp sonu: merkeze 1,80 m, başlangıçtan 1,20 m, kalıp simülasyonundan 0,00 m"
1-11,"Kopya Vuruş","Kılıç","golge_yankisi",1,1,1,1,1,1,1,1,1,1,"ön","ön",160472.00,"",2.10,1.35,0.53,0.50,0.93,0.00,0.00,"1/3 kare koşu, ayak/gövde hız oranı 1,02","vuruş 2: 0,46s@boss1,10m/oyuncu1,15m 0,80s@boss1,95m/oyuncu1,39m; kalıp sonu: merkeze 2,10 m, başlangıçtan 0,90 m, kalıp simülasyonundan 0,00 m"
1-12,"Akan Vuruş","Kılıç","basili_seri",1,1,1,1,1,1,1,1,1,1,"ön","ön",112016.00,"",1.60,1.35,3.04,3.00,3.44,0.00,0.00,"","vuruş 6: 0,60s@boss1,73m/oyuncu1,15m 1,14s@boss1,48m/oyuncu1,15m 1,60s@boss1,26m/oyuncu1,15m 2,38s@boss0,90m/oyuncu1,15m 2,64s@boss0,78m/oyuncu1,15m 3,11s@boss0,56m/oyuncu1,15m; kalıp sonu: merkeze 1,60 m, başlangıçtan 1,40 m, kalıp simülasyonundan 0,00 m"
2-10,"Aynalı Şifa","Kılıç","ters_es",1,1,1,1,1,1,1,1,1,1,"yerinde","yerinde",16800.00,"oyuncu +112000 can",3.00,1.35,0.47,0.44,0.93,0.00,0.00,"","vuruş 2: 0,60s@boss2,60m/oyuncu0,40m 0,80s@boss0,00m/oyuncu3,00m; kalıp sonu: merkeze 3,00 m, başlangıçtan 0,00 m, kalıp simülasyonundan 0,00 m"
2-11,"Kopya Şifa","Kılıç","golge_ulak",1,1,1,1,1,1,1,1,1,1,"yan","yan",0.00,"oyuncu +68000 can, dost +44000 can",2.43,1.35,1.40,1.36,1.80,0.00,0.00,"1/3 kare koşu, ayak/gövde hız oranı 1,00","vuruş 2: 0,47s@boss3,26m/oyuncu0,35m 1,67s@boss3,05m/oyuncu1,46m; kalıp sonu: merkeze 2,43 m, başlangıçtan 1,41 m, kalıp simülasyonundan 0,00 m, kalıp hedefi AllyDummy"
2-12,"Akan Şifa","Kılıç","basili_isik",1,1,1,1,1,1,1,1,1,1,"geri","geri",0.00,"oyuncu +60000 can, dost +60000 can",3.00,1.35,3.07,3.00,3.53,0.00,0.00,"","vuruş 6: 0,67s@boss5,38m/oyuncu2,72m 1,20s@boss5,58m/oyuncu2,72m 1,67s@boss5,75m/oyuncu2,72m 2,20s@boss5,95m/oyuncu2,72m 2,67s@boss6,13m/oyuncu2,72m 3,20s@boss6,33m/oyuncu2,72m; kalıp sonu: merkeze 3,94 m, başlangıçtan 1,20 m, kalıp simülasyonundan 0,00 m, kalıp hedefi AllyDummy"
3-10,"Aynalı Adım","Kılıç","iki_kapi",1,1,1,1,1,1,1,1,1,1,"ön","ön",0.00,"",1.50,1.35,0.60,0.54,1.00,0.00,0.00,"0/4 kare koşu","hasarsız skill (base_damage 0): etki hareketin kendisi; vuruş 2: 0,40s@boss3,00m/oyuncu0,00m 0,80s@boss1,50m/oyuncu0,00m; kalıp sonu: merkeze 1,50 m, başlangıçtan 1,50 m, kalıp simülasyonundan 0,00 m"
3-11,"Kopya Adım","Kılıç","yem_kac",1,1,1,1,1,1,1,1,1,1,"geri","geri",0.00,"",3.00,1.35,0.40,0.40,0.80,0.00,0.00,"0/4 kare koşu","hasarsız skill (base_damage 0): etki hareketin kendisi; vuruş 1: 0,40s@boss3,00m/oyuncu0,00m; kalıp sonu: merkeze 5,80 m, başlangıçtan 2,80 m, kalıp simülasyonundan 0,00 m"
3-12,"Akan Adım","Kılıç","suzulme",1,1,1,1,1,1,1,1,1,1,"ön","ön",0.00,"",1.90,1.35,3.06,3.00,3.46,0.00,0.00,"","hasarsız skill (base_damage 0): etki hareketin kendisi; kalıp sonu: merkeze 1,90 m, başlangıçtan 1,10 m, kalıp simülasyonundan 0,00 m"
10-1,"Yoğun Yansı","Kılıç","tam_zamanli",1,1,1,1,1,1,1,1,1,1,"yerinde","yerinde",0.00,"",3.00,1.35,0.53,0.50,0.93,0.00,0.00,"","hasarsız skill (base_damage 0): etki hareketin kendisi; vuruş 1: 0,74s@boss0,62m/oyuncu2,38m; kalıp sonu: merkeze 3,00 m, başlangıçtan 0,00 m, kalıp simülasyonundan 0,00 m"
10-2,"Emici Yansı","Kılıç","yutan_girdap",1,1,1,1,1,1,1,1,1,1,"yerinde","yerinde",0.00,"",1.35,1.35,3.20,3.18,3.67,0.00,0.00,"","hasarsız skill (base_damage 0): etki hareketin kendisi; vuruş 4: 1,33s@boss1,03m/oyuncu2,38m 2,13s@boss1,03m/oyuncu2,38m 2,87s@boss1,03m/oyuncu2,38m 3,60s@boss1,03m/oyuncu2,38m; kalıp sonu: merkeze 1,35 m, başlangıçtan 0,00 m, kalıp simülasyonundan 0,00 m, boss 1,65 m kaydı"
10-3,"Sıçrayan Yansı","Kılıç","seken_geri",1,1,1,1,1,1,1,1,1,1,"ön","ön",0.00,"",1.90,1.35,0.40,0.36,0.87,0.00,0.00,"0/3 kare koşu","hasarsız skill (base_damage 0): etki hareketin kendisi; vuruş 2: 0,53s@boss0,55m/oyuncu1,53m 0,67s@boss0,00m/oyuncu1,90m; kalıp sonu: merkeze 1,90 m, başlangıçtan 1,10 m, kalıp simülasyonundan 0,00 m"
10-10,"Aynalı Yansı","Kılıç","iki_kapi",1,1,1,1,1,1,1,1,1,1,"ön","ön",0.00,"",1.50,1.35,0.60,0.54,1.07,0.00,0.00,"0/4 kare koşu","hasarsız skill (base_damage 0): etki hareketin kendisi; vuruş 2: 0,47s@boss3,00m/oyuncu0,00m 0,87s@boss1,50m/oyuncu0,00m; kalıp sonu: merkeze 1,50 m, başlangıçtan 1,50 m, kalıp simülasyonundan 0,00 m"
10-11,"Kopya Yansı","Kılıç","yem_kopya",1,1,1,1,1,1,1,1,1,1,"yerinde","yerinde",0.00,"",2.85,1.35,0.40,0.36,0.86,0.00,0.00,"","hasarsız skill (base_damage 0): etki hareketin kendisi; vuruş 1: 0,67s@boss2,84m/oyuncu1,29m; kalıp sonu: merkeze 2,85 m, başlangıçtan 0,15 m, kalıp simülasyonundan 0,00 m"
10-12,"Akan Yansı","Kılıç","basili_siper",1,1,1,1,1,1,1,1,1,1,"ön","ön",0.00,"",2.20,1.35,3.03,3.00,3.49,0.00,0.00,"","hasarsız skill (base_damage 0): etki hareketin kendisi; vuruş 3: 1,20s@boss0,41m/oyuncu2,38m 2,20s@boss0,14m/oyuncu2,38m 3,16s@boss0,12m/oyuncu2,38m; kalıp sonu: merkeze 2,20 m, başlangıçtan 0,80 m, kalıp simülasyonundan 0,00 m"
11-1,"Yoğun Çağrı","Kılıç","sirt_saplama",1,1,1,1,1,1,1,1,1,1,"ön","ön",0.00,"",1.90,1.35,0.47,0.46,0.93,0.00,0.00,"0/2 kare koşu","hasarsız skill (base_damage 0): etki hareketin kendisi; vuruş 1: 0,80s@boss0,00m/oyuncu1,90m; kalıp sonu: merkeze 1,90 m, başlangıçtan 1,10 m, kalıp simülasyonundan 0,00 m"
11-2,"Emici Çağrı","Kılıç","yapisan",1,1,1,1,1,1,1,1,1,1,"yerinde","yerinde",0.00,"",1.35,1.35,5.20,5.18,5.67,0.00,0.00,"","hasarsız skill (base_damage 0): etki hareketin kendisi; vuruş 6: 0,60s@boss0,20m/oyuncu2,65m 1,60s@boss0,00m/oyuncu1,35m 2,60s@boss0,00m/oyuncu1,35m 3,60s@boss0,00m/oyuncu1,35m 4,60s@boss0,00m/oyuncu1,35m 5,60s@boss0,00m/oyuncu1,35m; kalıp sonu: merkeze 1,35 m, başlangıçtan 0,00 m, kalıp simülasyonundan 0,00 m, boss 1,65 m kaydı"
11-3,"Sıçrayan Çağrı","Kılıç","seken_yaratik",1,1,1,1,1,1,1,1,1,1,"yerinde","yerinde",0.00,"",3.00,1.35,0.67,0.64,1.13,0.00,0.00,"","hasarsız skill (base_damage 0): etki hareketin kendisi; vuruş 3: 0,67s@boss0,00m/oyuncu3,00m 0,80s@boss0,35m/oyuncu3,02m 1,00s@boss0,35m/oyuncu3,02m; kalıp sonu: merkeze 3,00 m, başlangıçtan 0,00 m, kalıp simülasyonundan 0,00 m"
11-10,"Aynalı Çağrı","Kılıç","takim_kapisi",1,1,1,1,1,1,1,1,1,1,"ön","ön",0.00,"",2.35,1.35,1.40,1.36,1.87,0.00,0.00,"0/2 kare koşu","hasarsız skill (base_damage 0): etki hareketin kendisi; vuruş 1: 0,67s@boss2,35m/oyuncu0,00m; kalıp sonu: merkeze 2,35 m, başlangıçtan 0,65 m, kalıp simülasyonundan 0,00 m"
11-11,"Kopya Çağrı","Kılıç","ayna_klonlar",1,1,1,1,1,1,1,1,1,1,"ön","ön",0.00,"",2.35,1.35,0.67,0.62,1.13,0.00,0.00,"0/2 kare koşu","hasarsız skill (base_damage 0): etki hareketin kendisi; vuruş 2: 0,80s@boss2,37m/oyuncu1,41m 0,93s@boss2,37m/oyuncu1,41m; kalıp sonu: merkeze 2,35 m, başlangıçtan 0,65 m, kalıp simülasyonundan 0,00 m"
11-12,"Akan Çağrı","Kılıç","kapidan_akin",1,1,1,1,1,1,1,1,1,1,"ön","ön",0.00,"",2.35,1.35,4.35,4.32,4.82,0.00,0.00,"0/2 kare koşu","hasarsız skill (base_damage 0): etki hareketin kendisi; vuruş 6: 0,73s@boss0,85m/oyuncu1,50m 1,55s@boss0,00m/oyuncu2,35m 2,35s@boss0,00m/oyuncu2,35m 3,15s@boss0,00m/oyuncu2,35m 3,95s@boss0,00m/oyuncu2,35m 4,75s@boss0,00m/oyuncu2,35m; kalıp sonu: merkeze 2,35 m, başlangıçtan 0,65 m, kalıp simülasyonundan 0,00 m"
12-1,"Yoğun Zaman","Kılıç","zamanli_donma",1,1,1,1,1,1,1,1,1,1,"ön","ön",0.00,"boss:Slow, boss hız x0,70",1.50,1.35,0.53,0.50,0.93,0.00,0.00,"0/3 kare koşu","vuruş 1: 0,80s@boss0,52m/oyuncu1,28m; kalıp sonu: merkeze 1,50 m, başlangıçtan 1,50 m, kalıp simülasyonundan 0,00 m"
12-2,"Emici Zaman","Kılıç","ceken_girdap",1,1,1,1,1,1,1,1,1,1,"yerinde","yerinde",0.00,"boss:Slow, oyuncu:Haste, boss hız x0,70, oyuncu hız x1,30",1.35,1.35,1.33,1.32,1.73,0.00,0.00,"","vuruş 3: 1,07s@boss0,00m/oyuncu1,35m 1,53s@boss0,00m/oyuncu1,35m 1,60s@boss0,00m/oyuncu1,35m; kalıp sonu: merkeze 1,35 m, başlangıçtan 0,00 m, kalıp simülasyonundan 0,00 m, boss 1,65 m kaydı"
12-3,"Sıçrayan Zaman","Kılıç","geri_donen_kure",1,1,1,1,1,1,1,1,1,1,"yerinde","yerinde",0.00,"boss:Slow, boss hız x0,70",3.00,1.35,0.53,0.50,1.00,0.00,0.00,"","vuruş 2: 0,60s@boss0,30m/oyuncu3,30m 0,87s@boss0,96m/oyuncu2,04m; kalıp sonu: merkeze 3,00 m, başlangıçtan 0,00 m, kalıp simülasyonundan 0,00 m"
12-10,"Aynalı Zaman","Kılıç","boss_geri",1,1,1,1,1,1,1,1,1,1,"yerinde","yerinde",0.00,"boss:Slow, boss hız x0,70",3.00,1.35,0.47,0.46,0.93,0.00,0.00,"","vuruş 1: 0,60s@boss0,30m/oyuncu3,30m; kalıp sonu: merkeze 3,00 m, başlangıçtan 0,00 m, kalıp simülasyonundan 0,00 m"
12-11,"Kopya Zaman","Kılıç","geri_sarma",1,1,1,1,1,1,1,1,1,1,"başlangıç","başlangıç",0.00,"",1.50,1.35,2.67,2.66,3.13,0.00,0.00,"2/9 kare koşu, ayak/gövde hız oranı 0,94","hasarsız skill (base_damage 0): etki hareketin kendisi; kalıp sonu: merkeze 3,00 m, başlangıçtan 0,00 m, kalıp simülasyonundan 0,00 m"
12-12,"Akan Zaman","Kılıç","yuruyen_balon",1,1,1,1,1,1,1,1,1,1,"ön","ön",0.00,"boss:Slow, boss hız x0,70",1.80,1.35,4.22,4.20,4.69,0.00,0.00,"","vuruş 5: 0,53s@boss3,00m/oyuncu0,00m 1,62s@boss2,69m/oyuncu0,00m 2,62s@boss2,39m/oyuncu0,00m 3,62s@boss2,09m/oyuncu0,00m 4,62s@boss1,80m/oyuncu0,00m; kalıp sonu: merkeze 1,80 m, başlangıçtan 1,20 m, kalıp simülasyonundan 0,00 m"
4-4,"Sabit Kalkan","Kılıç","duvar_dikme",1,1,1,1,1,1,1,1,1,1,"yerinde","yerinde",0.00,"",3.00,1.35,0.33,0.32,0.80,0.00,0.00,"","hasarsız skill (base_damage 0): etki hareketin kendisi; vuruş 1: 0,67s@boss0,62m/oyuncu2,38m; kalıp sonu: merkeze 3,00 m, başlangıçtan 0,00 m, kalıp simülasyonundan 0,00 m"
4-5,"Yayılan Kalkan","Kılıç","onde_yelpaze",1,1,1,1,1,1,1,1,1,1,"yerinde","yerinde",0.00,"",3.00,1.35,0.67,0.63,1.13,0.00,0.00,"","hasarsız skill (base_damage 0): etki hareketin kendisi; vuruş 1: 0,87s@boss1,88m/oyuncu1,12m; kalıp sonu: merkeze 3,00 m, başlangıçtan 0,00 m, kalıp simülasyonundan 0,00 m"
4-6,"Bağlayıcı Kalkan","Kılıç","zincirli_firlatma",1,1,1,1,1,1,1,1,1,1,"ön","ön",0.00,"",1.50,1.35,0.73,0.70,1.13,0.00,0.00,"2/4 kare koşu, ayak/gövde hız oranı 0,99","hasarsız skill (base_damage 0): etki hareketin kendisi; vuruş 2: 0,53s@boss0,45m/oyuncu3,45m 1,00s@boss0,48m/oyuncu1,28m; kalıp sonu: merkeze 1,50 m, başlangıçtan 1,50 m, kalıp simülasyonundan 0,00 m"
4-7,"Bulandırıcı Kalkan","Kılıç","duman_duvari",1,1,1,1,1,1,1,1,1,1,"yerinde","yerinde",0.00,"",2.80,1.35,0.53,0.52,1.00,0.06,0.00,"","hasarsız skill (base_damage 0): etki hareketin kendisi; vuruş 1: 0,66s@boss0,42m/oyuncu2,38m; kalıp sonu: merkeze 2,80 m, başlangıçtan 0,20 m, kalıp simülasyonundan 0,00 m"
4-8,"Yükselen Kalkan","Kılıç","yerden_buyuyen",1,1,1,1,1,1,1,1,1,1,"yerinde","yerinde",0.00,"",3.00,1.35,0.47,0.42,0.93,0.00,0.00,"","hasarsız skill (base_damage 0): etki hareketin kendisi; vuruş 1: 0,73s@boss6,98m/oyuncu4,33m; kalıp sonu: merkeze 3,18 m, başlangıçtan 0,25 m, kalıp simülasyonundan 0,00 m, kalıp hedefi AllyDummy"
4-9,"Odaklı Kalkan","Kılıç","koruyucu_isaret",1,1,1,1,1,1,1,1,1,1,"geri","geri",0.00,"",3.00,1.35,0.27,0.20,0.73,0.00,0.00,"0/3 kare koşu","hasarsız skill (base_damage 0): etki hareketin kendisi; vuruş 1: 0,60s@boss3,89m/oyuncu0,35m; kalıp sonu: merkeze 3,61 m, başlangıçtan 0,80 m, kalıp simülasyonundan 0,00 m, kalıp hedefi AllyDummy"
5-4,"Sabit Patlama","Kılıç","mayin_cakma",1,1,1,1,1,1,1,1,1,1,"yerinde","yerinde",107576.00,"",3.00,1.35,0.47,0.42,0.87,0.00,0.00,"","vuruş 2: 0,60s@boss0,85m/oyuncu2,15m 0,67s@boss0,85m/oyuncu2,15m; kalıp sonu: merkeze 3,00 m, başlangıçtan 0,00 m, kalıp simülasyonundan 0,00 m"
5-5,"Yayılan Patlama","Kılıç","yer_yarigi",1,1,1,1,1,1,1,1,1,1,"ön","ön",97000.00,"",1.50,1.35,0.60,0.56,1.00,0.03,0.00,"0/8 kare koşu","vuruş 3: 0,67s@boss0,25m/oyuncu1,27m 0,73s@boss0,14m/oyuncu1,36m 0,87s@boss0,22m/oyuncu1,28m; kalıp sonu: merkeze 1,50 m, başlangıçtan 2,07 m, kalıp simülasyonundan 0,00 m"
5-6,"Bağlayıcı Patlama","Kılıç","gerilip_kopan",1,1,1,1,1,1,1,1,1,1,"geri","geri",109528.00,"boss:Root+Slow, boss hız x0,00",1.35,1.35,0.60,0.58,1.00,0.00,0.00,"0/6 kare koşu","vuruş 2: 0,53s@boss0,85m/oyuncu1,10m 0,87s@boss0,85m/oyuncu2,65m; kalıp sonu: merkeze 2,79 m, başlangıçtan 0,50 m, kalıp simülasyonundan 0,00 m, boss 0,71 m kaydı"
5-7,"Bulandırıcı Patlama","Kılıç","sis_bombasi",1,1,1,1,1,1,1,1,1,1,"yerinde","yerinde",112808.00,"boss:Blind, oyuncu:Stealth",3.00,1.35,0.27,0.22,0.67,0.00,0.00,"","vuruş 1: 0,53s@boss0,35m/oyuncu3,35m; kalıp sonu: merkeze 3,00 m, başlangıçtan 0,00 m, kalıp simülasyonundan 0,00 m"
5-8,"Yükselen Patlama","Kılıç","yerden_fiskirma",1,1,1,1,1,1,1,1,1,1,"ön","ön",127704.00,"boss:Stun, boss hız x0,00",2.60,1.35,0.47,0.44,0.86,0.00,0.00,"","vuruş 1: 0,67s@boss0,00m/oyuncu2,75m; kalıp sonu: merkeze 2,60 m, başlangıçtan 0,40 m, kalıp simülasyonundan 0,00 m"
5-9,"Odaklı Patlama","Kılıç","gudumlu_top",1,1,1,1,1,1,1,1,1,1,"yerinde","yerinde",182472.00,"",3.00,1.35,0.60,0.56,1.00,0.00,0.00,"","vuruş 1: 0,87s@boss0,00m/oyuncu3,00m; kalıp sonu: merkeze 3,00 m, başlangıçtan 0,00 m, kalıp simülasyonundan 0,00 m"
6-4,"Sabit Bağ","Kılıç","karsilikli_kilit",1,1,1,1,1,1,1,1,1,1,"ön","ön",25480.00,"boss:Root, boss hız x0,00",1.50,1.35,3.27,3.24,3.74,0.00,0.00,"1/4 kare koşu, ayak/gövde hız oranı 1,01","vuruş 1: 0,94s@boss0,40m/oyuncu1,11m; kalıp sonu: merkeze 1,50 m, başlangıçtan 1,50 m, kalıp simülasyonundan 0,00 m"
6-5,"Yayılan Bağ","Kılıç","yer_tuzagi",1,1,1,1,1,1,1,1,1,1,"yerinde","yerinde",33440.00,"boss:Root, boss hız x0,00",3.00,1.35,0.33,0.28,0.80,0.00,0.00,"","vuruş 1: 0,60s@boss0,62m/oyuncu2,38m; kalıp sonu: merkeze 3,00 m, başlangıçtan 0,00 m, kalıp simülasyonundan 0,00 m"
6-6,"Bağlayıcı Bağ","Kılıç","iki_uclu",1,1,1,1,1,1,1,1,1,1,"yerinde","yerinde",24424.00,"boss:Root+Slow, boss hız x0,00",3.00,1.35,0.67,0.65,1.13,0.00,0.00,"","vuruş 1: 0,60s@boss0,28m/oyuncu3,28m; kalıp sonu: merkeze 3,00 m, başlangıçtan 0,00 m, kalıp simülasyonundan 0,00 m"
6-7,"Bulandırıcı Bağ","Kılıç","goz_bagi",1,1,1,1,1,1,1,1,1,1,"yerinde","yerinde",37760.00,"boss:Blind+Root, boss hız x0,00",3.00,1.35,0.26,0.20,0.73,0.00,0.00,"","vuruş 1: 0,60s@boss0,28m/oyuncu3,28m; kalıp sonu: merkeze 3,00 m, başlangıçtan 0,00 m, kalıp simülasyonundan 0,00 m"
6-8,"Yükselen Bağ","Kılıç","havada_asma",1,1,1,1,1,1,1,1,1,1,"ön","ön",28512.00,"boss:Stun+Root, boss hız x0,00",1.50,1.35,1.20,1.14,1.60,0.00,0.00,"0/5 kare koşu","vuruş 1: 0,87s@boss1,50m/oyuncu0,00m; kalıp sonu: merkeze 1,50 m, başlangıçtan 1,50 m, kalıp simülasyonundan 0,00 m"
6-9,"Odaklı Bağ","Kılıç","zamanli_donma",1,1,1,1,1,1,1,1,1,1,"ön","ön",44992.00,"boss:Root, boss hız x0,00",1.50,1.35,0.54,0.50,1.00,0.00,0.00,"0/3 kare koşu","vuruş 1: 0,87s@boss0,53m/oyuncu1,28m; kalıp sonu: merkeze 1,50 m, başlangıçtan 1,50 m, kalıp simülasyonundan 0,00 m"
7-4,"Sabit Zafiyet","Kılıç","mayin_cakma",1,1,1,1,1,1,1,1,1,1,"yerinde","yerinde",15544.00,"",3.00,1.35,0.46,0.42,0.93,0.00,0.00,"","vuruş 2: 0,66s@boss0,85m/oyuncu2,15m 0,73s@boss0,85m/oyuncu2,15m; kalıp sonu: merkeze 3,00 m, başlangıçtan 0,00 m, kalıp simülasyonundan 0,00 m"
7-5,"Yayılan Zafiyet","Kılıç","onde_yelpaze",1,1,1,1,1,1,1,1,1,1,"yerinde","yerinde",15120.00,"",3.00,1.35,0.69,0.63,1.15,0.00,0.00,"","vuruş 1: 0,87s@boss1,88m/oyuncu1,12m; kalıp sonu: merkeze 3,00 m, başlangıçtan 0,00 m, kalıp simülasyonundan 0,00 m"
7-6,"Bağlayıcı Zafiyet","Kılıç","dost_ip",1,1,1,1,1,1,1,1,1,1,"yerinde","yerinde",18312.00,"boss:Root+Slow, boss hız x0,00",3.00,1.35,0.67,0.62,1.13,0.00,0.00,"","vuruş 1: 0,60s@boss0,28m/oyuncu3,28m; kalıp sonu: merkeze 3,00 m, başlangıçtan 0,00 m, kalıp simülasyonundan 0,00 m"
8-4,"Sabit Yükseliş","Kılıç","totem_dikme",1,1,1,1,1,1,1,1,1,1,"yerinde","yerinde",0.00,"",3.00,1.35,0.33,0.30,0.80,0.00,0.00,"","hasarsız skill (base_damage 0): etki hareketin kendisi; vuruş 1: 0,67s@boss3,10m/oyuncu0,00m; kalıp sonu: merkeze 3,11 m, başlangıçtan 0,15 m, kalıp simülasyonundan 0,00 m, kalıp hedefi AllyDummy"
8-5,"Yayılan Yükseliş","Kılıç","savas_narasi",1,1,1,1,1,1,1,1,1,1,"yerinde","yerinde",0.00,"",3.00,1.35,0.40,0.36,0.87,0.00,0.00,"","hasarsız skill (base_damage 0): etki hareketin kendisi; vuruş 1: 0,60s@boss3,00m/oyuncu0,00m; kalıp sonu: merkeze 3,00 m, başlangıçtan 0,00 m, kalıp simülasyonundan 0,00 m"
8-6,"Bağlayıcı Yükseliş","Kılıç","dost_dosta",1,1,1,1,1,1,1,1,1,1,"yan","yan",0.00,"",2.38,1.35,0.53,0.52,1.00,0.00,0.00,"1/4 kare koşu, ayak/gövde hız oranı 0,86","hasarsız skill (base_damage 0): etki hareketin kendisi; vuruş 3: 0,53s@boss4,05m/oyuncu1,22m 0,73s@boss2,85m/oyuncu1,41m 0,87s@boss4,76m/oyuncu2,38m; kalıp sonu: merkeze 2,38 m, başlangıçtan 1,41 m, kalıp simülasyonundan 0,00 m, kalıp hedefi AllyDummy"
9-4,"Sabit Arınma","Kılıç","yer_tuzagi",1,1,1,1,1,1,1,1,1,1,"yerinde","yerinde",0.00,"oyuncu +32000 can",3.00,1.35,0.33,0.28,0.73,0.00,0.00,"","vuruş 1: 0,53s@boss0,62m/oyuncu2,38m; kalıp sonu: merkeze 3,00 m, başlangıçtan 0,00 m, kalıp simülasyonundan 0,00 m"
9-5,"Yayılan Arınma","Kılıç","dagilan_yagmur",1,1,1,1,1,1,1,1,1,1,"yerinde","yerinde",0.00,"oyuncu +32000 can",3.00,1.35,0.60,0.58,1.00,0.00,0.00,"","vuruş 1: 0,80s@boss3,00m/oyuncu0,00m; kalıp sonu: merkeze 3,00 m, başlangıçtan 0,00 m, kalıp simülasyonundan 0,00 m, kalıp hedefi AllyDummy"
9-6,"Bağlayıcı Arınma","Kılıç","iki_uclu",1,1,1,1,1,1,1,1,1,1,"yerinde","yerinde",0.00,"oyuncu +32000 can",3.00,1.35,0.67,0.65,1.07,0.00,0.00,"","vuruş 1: 0,53s@boss6,36m/oyuncu3,88m; kalıp sonu: merkeze 3,00 m, başlangıçtan 0,00 m, kalıp simülasyonundan 0,00 m, kalıp hedefi AllyDummy"
4-10,"Aynalı Kalkan","Kılıç","sirtta_kapi",1,1,1,1,1,1,1,1,1,1,"ön","ön",24000.00,"",1.80,1.35,0.33,0.32,0.73,0.00,0.00,"0/3 kare koşu","vuruş 2: 0,47s@boss0,92m/oyuncu1,19m 0,60s@boss0,55m/oyuncu2,35m; kalıp sonu: merkeze 1,80 m, başlangıçtan 1,20 m, kalıp simülasyonundan 0,00 m"
4-11,"Kopya Kalkan","Kılıç","yem_kopya",1,1,1,1,1,1,1,1,1,1,"yerinde","yerinde",0.00,"",3.00,1.35,0.27,0.24,0.73,0.00,0.00,"","hasarsız skill (base_damage 0): etki hareketin kendisi; vuruş 1: 0,53s@boss2,98m/oyuncu1,29m; kalıp sonu: merkeze 3,00 m, başlangıçtan 0,00 m, kalıp simülasyonundan 0,00 m"
4-12,"Akan Kalkan","Kılıç","basili_siper",1,1,1,1,1,1,1,1,1,1,"geri","geri",0.00,"",3.00,1.35,3.03,3.00,3.49,0.00,0.00,"","hasarsız skill (base_damage 0): etki hareketin kendisi; vuruş 3: 1,20s@boss5,17m/oyuncu2,38m 2,22s@boss5,42m/oyuncu2,38m 3,16s@boss5,65m/oyuncu2,38m; kalıp sonu: merkeze 3,61 m, başlangıçtan 0,80 m, kalıp simülasyonundan 0,00 m, kalıp hedefi AllyDummy"
5-10,"Aynalı Patlama","Kılıç","karsi_darbe",1,1,1,1,1,1,1,1,1,1,"ön","ön",107448.00,"",1.70,1.35,0.40,0.36,0.80,0.00,0.00,"0/3 kare koşu","vuruş 1: 0,67s@boss0,56m/oyuncu1,36m; kalıp sonu: merkeze 1,70 m, başlangıçtan 1,30 m, kalıp simülasyonundan 0,00 m"
5-11,"Kopya Patlama","Kılıç","golge_yankisi",1,1,1,1,1,1,1,1,1,1,"ön","ön",112216.00,"",2.10,1.35,0.53,0.50,0.93,0.00,0.00,"1/3 kare koşu, ayak/gövde hız oranı 1,02","vuruş 2: 0,47s@boss1,11m/oyuncu1,15m 0,80s@boss1,95m/oyuncu1,39m; kalıp sonu: merkeze 2,10 m, başlangıçtan 0,90 m, kalıp simülasyonundan 0,00 m"
5-12,"Akan Patlama","Kılıç","patlayan_iz",1,1,1,1,1,1,1,1,1,1,"ön","ön",78720.00,"",2.95,1.35,2.94,3.00,3.34,0.00,0.00,"","vuruş 6: 0,80s@boss2,14m/oyuncu1,53m 1,33s@boss2,35m/oyuncu1,53m 1,80s@boss2,92m/oyuncu1,53m 2,33s@boss2,75m/oyuncu1,53m 2,80s@boss2,45m/oyuncu1,53m 3,34s@boss2,07m/oyuncu1,53m; kalıp sonu: merkeze 3,60 m, başlangıçtan 2,20 m, kalıp simülasyonundan 0,70 m, boss 2,80 m kaydı"
6-10,"Aynalı Bağ","Kılıç","karsi_darbe",1,1,1,1,1,1,1,1,1,1,"ön","ön",26200.00,"boss:Root, boss hız x0,00",1.70,1.35,0.40,0.36,0.86,0.00,0.00,"0/3 kare koşu","vuruş 1: 0,73s@boss0,56m/oyuncu1,36m; kalıp sonu: merkeze 1,70 m, başlangıçtan 1,30 m, kalıp simülasyonundan 0,00 m"
6-11,"Kopya Bağ","Kılıç","onden_arkadan",1,1,1,1,1,1,1,1,1,1,"ön","ön",24760.00,"boss:Root, boss hız x0,00",2.10,1.35,0.40,0.34,0.80,0.00,0.00,"0/3 kare koşu","vuruş 2: 0,47s@boss1,15m/oyuncu1,11m 0,60s@boss0,60m/oyuncu2,70m; kalıp sonu: merkeze 2,10 m, başlangıçtan 0,90 m, kalıp simülasyonundan 0,00 m"
6-12,"Akan Bağ","Kılıç","cember_sarma",1,1,1,1,1,1,1,1,1,1,"arka","arka",18128.00,"boss:Root, boss hız x0,00",1.50,1.35,0.93,0.90,1.40,0.13,0.00,"0/11 kare koşu","vuruş 1: 1,27s@boss0,00m/oyuncu2,06m; kalıp sonu: merkeze 2,06 m, başlangıçtan 4,59 m, kalıp simülasyonundan 0,00 m"
10-4,"Sabit Yansı","Kılıç","duvar_dikme",1,1,1,1,1,1,1,1,1,1,"yerinde","yerinde",0.00,"",3.00,1.35,0.33,0.32,0.80,0.00,0.00,"","hasarsız skill (base_damage 0): etki hareketin kendisi; vuruş 1: 0,67s@boss0,62m/oyuncu2,38m; kalıp sonu: merkeze 3,00 m, başlangıçtan 0,00 m, kalıp simülasyonundan 0,00 m"
10-5,"Yayılan Yansı","Kılıç","yuruyen_balon",1,1,1,1,1,1,1,1,1,1,"ön","ön",0.00,"",1.80,1.35,4.20,4.20,4.67,0.00,0.00,"","hasarsız skill (base_damage 0): etki hareketin kendisi; vuruş 5: 0,53s@boss3,00m/oyuncu0,00m 1,67s@boss2,68m/oyuncu0,00m 2,60s@boss2,40m/oyuncu0,00m 3,60s@boss2,10m/oyuncu0,00m 4,60s@boss1,80m/oyuncu0,00m; kalıp sonu: merkeze 1,80 m, başlangıçtan 1,20 m, kalıp simülasyonundan 0,00 m"
10-6,"Bağlayıcı Yansı","Kılıç","silaha_kement",1,1,1,1,1,1,1,1,1,1,"yerinde","yerinde",0.00,"boss:Root+Slow, boss hız x0,00",3.00,1.35,1.00,0.94,1.40,0.00,0.00,"","vuruş 1: 0,53s@boss0,40m/oyuncu3,40m; kalıp sonu: merkeze 3,00 m, başlangıçtan 0,00 m, kalıp simülasyonundan 0,00 m"
11-4,"Sabit Çağrı","Kılıç","taret_dikme",1,1,1,1,1,1,1,1,1,1,"ön","ön",0.00,"",2.35,1.35,0.60,0.54,1.07,0.00,0.00,"0/2 kare koşu","hasarsız skill (base_damage 0): etki hareketin kendisi; vuruş 2: 0,67s@boss2,35m/oyuncu0,00m 0,93s@boss0,28m/oyuncu2,63m; kalıp sonu: merkeze 2,35 m, başlangıçtan 0,65 m, kalıp simülasyonundan 0,00 m"
11-5,"Yayılan Çağrı","Kılıç","dagilan_suru",1,1,1,1,1,1,1,1,1,1,"yerinde","yerinde",0.00,"",3.00,1.35,0.47,0.42,0.93,0.00,0.00,"","hasarsız skill (base_damage 0): etki hareketin kendisi; vuruş 3: 0,53s@boss0,35m/oyuncu3,02m 0,67s@boss0,00m/oyuncu3,00m 0,80s@boss0,35m/oyuncu3,02m; kalıp sonu: merkeze 3,00 m, başlangıçtan 0,00 m, kalıp simülasyonundan 0,00 m"
11-6,"Bağlayıcı Çağrı","Kılıç","muhafiz",1,1,1,1,1,1,1,1,1,1,"ön","ön",0.00,"boss:Root+Slow, boss hız x0,00",2.35,1.35,0.64,0.64,1.04,0.00,0.00,"0/2 kare koşu","vuruş 1: 0,67s@boss2,31m/oyuncu1,20m; kalıp sonu: merkeze 2,35 m, başlangıçtan 0,65 m, kalıp simülasyonundan 0,00 m"
12-4,"Sabit Zaman","Kılıç","totem_dikme",1,1,1,1,1,1,1,1,1,1,"yerinde","yerinde",0.00,"boss:Slow+Stun, boss hız x0,00",2.85,1.35,0.43,0.30,0.83,0.00,0.00,"","vuruş 1: 0,60s@boss2,87m/oyuncu0,00m; kalıp sonu: merkeze 2,85 m, başlangıçtan 0,15 m, kalıp simülasyonundan 0,00 m"
12-5,"Yayılan Zaman","Kılıç","genisleyen_halka",1,1,1,1,1,1,1,1,1,1,"yerinde","yerinde",0.00,"boss:Slow, boss hız x0,70",3.00,1.35,0.60,0.58,1.07,0.00,0.00,"","vuruş 1: 0,87s@boss3,00m/oyuncu0,00m; kalıp sonu: merkeze 3,00 m, başlangıçtan 0,00 m, kalıp simülasyonundan 0,00 m"
12-6,"Bağlayıcı Zaman","Kılıç","iki_uclu",1,1,1,1,1,1,1,1,1,1,"yerinde","yerinde",0.00,"oyuncu:Haste, oyuncu hız x1,30",3.00,1.35,0.67,0.65,1.13,0.00,0.00,"","vuruş 1: 0,60s@boss0,28m/oyuncu3,28m; kalıp sonu: merkeze 3,00 m, başlangıçtan 0,00 m, kalıp simülasyonundan 0,00 m; uyarı: 12-6 hızı element-sistemi.json self_haste 0; yedek +%50 kullanıldı."
7-7,"Bulandırıcı Zafiyet","Kılıç","sis_bombasi",1,1,1,1,1,1,1,1,1,1,"yerinde","yerinde",15696.00,"boss:Blind",3.00,1.35,0.27,0.22,0.73,0.00,0.00,"","vuruş 1: 0,60s@boss0,35m/oyuncu3,35m; kalıp sonu: merkeze 3,00 m, başlangıçtan 0,00 m, kalıp simülasyonundan 0,00 m"
7-8,"Yükselen Zafiyet","Kılıç","yerden_fiskirma",1,1,1,1,1,1,1,1,1,1,"ön","ön",19760.00,"boss:Stun, boss hız x0,00",2.60,1.35,0.47,0.44,0.93,0.00,0.00,"","vuruş 1: 0,73s@boss0,00m/oyuncu2,75m; kalıp sonu: merkeze 2,60 m, başlangıçtan 0,40 m, kalıp simülasyonundan 0,00 m"
7-9,"Odaklı Zafiyet","Kılıç","isaret_patlamasi",1,1,1,1,1,1,1,1,1,1,"yerinde","yerinde",27328.00,"",3.00,1.35,1.94,1.92,2.40,0.00,0.00,"","vuruş 1: 2,27s@boss0,00m/oyuncu3,00m; kalıp sonu: merkeze 3,00 m, başlangıçtan 0,00 m, kalıp simülasyonundan 0,00 m"
7-10,"Aynalı Zafiyet","Kılıç","onden_arkadan",1,1,1,1,1,1,1,1,1,1,"ön","ön",20984.00,"",2.10,1.35,0.40,0.34,0.87,0.00,0.00,"0/3 kare koşu","vuruş 2: 0,54s@boss1,14m/oyuncu1,11m 0,67s@boss0,60m/oyuncu2,70m; kalıp sonu: merkeze 2,10 m, başlangıçtan 0,90 m, kalıp simülasyonundan 0,00 m"
7-11,"Kopya Zafiyet","Kılıç","golge_yankisi",1,1,1,1,1,1,1,1,1,1,"ön","ön",21240.00,"",2.10,1.35,0.60,0.50,1.06,0.00,0.00,"1/3 kare koşu, ayak/gövde hız oranı 1,01","vuruş 2: 0,53s@boss1,10m/oyuncu1,15m 0,87s@boss1,95m/oyuncu1,39m; kalıp sonu: merkeze 2,10 m, başlangıçtan 0,90 m, kalıp simülasyonundan 0,00 m"
7-12,"Akan Zafiyet","Kılıç","basili_isik",1,1,1,1,1,1,1,1,1,1,"ön","ön",18840.00,"",1.80,1.35,3.01,3.00,3.47,0.00,0.00,"","vuruş 6: 0,67s@boss0,17m/oyuncu2,72m 1,20s@boss0,04m/oyuncu2,72m 1,67s@boss0,23m/oyuncu2,72m 2,20s@boss0,44m/oyuncu2,72m 2,67s@boss0,63m/oyuncu2,72m 3,21s@boss0,84m/oyuncu2,72m; kalıp sonu: merkeze 1,80 m, başlangıçtan 1,20 m, kalıp simülasyonundan 0,00 m"
8-7,"Bulandırıcı Yükseliş","Kılıç","goz_bagi",1,1,1,1,1,1,1,1,1,1,"yerinde","yerinde",0.00,"",3.00,1.35,0.26,0.20,0.67,0.00,0.00,"","hasarsız skill (base_damage 0): etki hareketin kendisi; vuruş 1: 0,53s@boss0,28m/oyuncu3,28m; kalıp sonu: merkeze 3,00 m, başlangıçtan 0,00 m, kalıp simülasyonundan 0,00 m"
8-8,"Yükselen Yükseliş","Kılıç","buyuten_kemer",1,1,1,1,1,1,1,1,1,1,"yerinde","yerinde",0.00,"",3.00,1.35,0.47,0.42,0.93,0.00,0.00,"","hasarsız skill (base_damage 0): etki hareketin kendisi; vuruş 1: 0,73s@boss5,04m/oyuncu2,21m; kalıp sonu: merkeze 3,22 m, başlangıçtan 0,30 m, kalıp simülasyonundan 0,00 m, kalıp hedefi AllyDummy"
8-9,"Odaklı Yükseliş","Kılıç","gudumlu_top",1,1,1,1,1,1,1,1,1,1,"yerinde","yerinde",0.00,"",3.00,1.35,0.60,0.56,1.07,0.00,0.00,"","hasarsız skill (base_damage 0): etki hareketin kendisi; vuruş 1: 0,93s@boss6,98m/oyuncu4,53m; kalıp sonu: merkeze 3,00 m, başlangıçtan 0,00 m, kalıp simülasyonundan 0,00 m, kalıp hedefi AllyDummy"
8-10,"Aynalı Yükseliş","Kılıç","ters_es",1,1,1,1,1,1,1,1,1,1,"yerinde","yerinde",0.00,"",3.00,1.35,0.44,0.44,0.90,0.00,0.00,"","hasarsız skill (base_damage 0): etki hareketin kendisi; vuruş 2: 0,60s@boss2,60m/oyuncu0,40m 0,87s@boss0,00m/oyuncu3,00m; kalıp sonu: merkeze 3,00 m, başlangıçtan 0,00 m, kalıp simülasyonundan 0,00 m"
8-11,"Kopya Yükseliş","Kılıç","golge_ulak",1,1,1,1,1,1,1,1,1,1,"yan","yan",0.00,"",2.43,1.35,1.40,1.36,1.87,0.00,0.00,"1/3 kare koşu, ayak/gövde hız oranı 1,00","hasarsız skill (base_damage 0): etki hareketin kendisi; vuruş 2: 0,53s@boss3,26m/oyuncu0,35m 1,73s@boss3,05m/oyuncu1,46m; kalıp sonu: merkeze 2,43 m, başlangıçtan 1,41 m, kalıp simülasyonundan 0,00 m, kalıp hedefi AllyDummy"
8-12,"Akan Yükseliş","Kılıç","akinti_yolu",1,1,1,1,1,1,1,1,1,1,"geri","geri",0.00,"",3.00,1.35,1.00,0.94,1.47,0.00,0.00,"0/10 kare koşu","hasarsız skill (base_damage 0): etki hareketin kendisi; vuruş 1: 1,27s@boss6,27m/oyuncu2,38m; kalıp sonu: merkeze 4,11 m, başlangıçtan 1,40 m, kalıp simülasyonundan 0,00 m, kalıp hedefi AllyDummy"
9-7,"Bulandırıcı Arınma","Kılıç","sis_ortusu",1,1,1,1,1,1,1,1,1,1,"yerinde","yerinde",0.00,"oyuncu +32000 can",3.00,1.35,0.33,0.30,0.73,0.00,0.00,"","vuruş 1: 0,53s@boss0,00m/oyuncu3,00m; kalıp sonu: merkeze 3,00 m, başlangıçtan 0,00 m, kalıp simülasyonundan 0,00 m"
9-8,"Yükselen Arınma","Kılıç","isik_sutunu",1,1,1,1,1,1,1,1,1,1,"yerinde","yerinde",0.00,"oyuncu +32000 can",3.00,1.35,0.53,0.48,0.93,0.00,0.00,"","vuruş 1: 0,73s@boss3,06m/oyuncu0,00m; kalıp sonu: merkeze 3,07 m, başlangıçtan 0,10 m, kalıp simülasyonundan 0,00 m, kalıp hedefi AllyDummy"
9-9,"Odaklı Arınma","Kılıç","mermi_sondur",1,1,1,1,1,1,1,1,1,1,"yerinde","yerinde",0.00,"oyuncu +32000 can",3.00,1.35,0.40,0.38,0.80,0.00,0.00,"","vuruş 1: 0,67s@boss6,98m/oyuncu4,53m; kalıp sonu: merkeze 3,00 m, başlangıçtan 0,00 m, kalıp simülasyonundan 0,00 m, kalıp hedefi AllyDummy"
9-10,"Aynalı Arınma","Kılıç","yer_degistir",1,1,1,1,1,1,1,1,1,1,"arka","arka",0.00,"oyuncu +32000 can",1.50,1.35,0.40,0.34,0.80,0.00,0.00,"0/1 kare koşu","vuruş 1: 0,67s@boss0,31m/oyuncu1,19m; kalıp sonu: merkeze 1,50 m, başlangıçtan 4,50 m, kalıp simülasyonundan 0,00 m, ışın 8,34 m konumdan çıkarıldı; tek karede 8,34 m sıçrama (sınır 2,33 m @ 63 ms, t=0,80, ışın tasarım gereği)"
9-11,"Kopya Arınma","Kılıç","yem_kopya",1,1,1,1,1,1,1,1,1,1,"yerinde","yerinde",0.00,"oyuncu +32000 can",3.00,1.35,0.27,0.24,0.67,0.00,0.00,"","vuruş 1: 0,47s@boss2,98m/oyuncu1,29m; kalıp sonu: merkeze 3,00 m, başlangıçtan 0,00 m, kalıp simülasyonundan 0,00 m"
9-12,"Akan Arınma","Kılıç","nabiz",1,1,1,1,1,1,1,1,1,1,"yerinde","yerinde",0.00,"oyuncu +24000 can, dost +12000 can",3.00,1.35,3.22,3.18,3.62,0.00,0.00,"","vuruş 3: 1,61s@boss3,00m/oyuncu0,00m 2,55s@boss3,00m/oyuncu0,00m 3,55s@boss3,00m/oyuncu0,00m; kalıp sonu: merkeze 3,00 m, başlangıçtan 0,00 m, kalıp simülasyonundan 0,00 m"
10-7,"Bulandırıcı Yansı","Kılıç","sahte_goruntu",1,1,1,1,1,1,1,1,1,1,"geri","geri",0.00,"boss:Blind",3.00,1.35,0.47,0.44,0.93,0.00,0.00,"1/3 kare koşu, ayak/gövde hız oranı 1,01","vuruş 3: 0,53s@boss3,06m/oyuncu1,37m 0,67s@boss3,06m/oyuncu1,37m 0,80s@boss3,69m/oyuncu0,00m; kalıp sonu: merkeze 3,90 m, başlangıçtan 0,90 m, kalıp simülasyonundan 0,00 m"
10-8,"Yükselen Yansı","Kılıç","yerden_buyuyen",1,1,1,1,1,1,1,1,1,1,"yerinde","yerinde",0.00,"",2.75,1.35,0.47,0.42,0.93,0.00,0.00,"","hasarsız skill (base_damage 0): etki hareketin kendisi; vuruş 1: 0,74s@boss0,00m/oyuncu2,80m; kalıp sonu: merkeze 2,75 m, başlangıçtan 0,25 m, kalıp simülasyonundan 0,00 m"
10-9,"Odaklı Yansı","Kılıç","koruyucu_isaret",1,1,1,1,1,1,1,1,1,1,"ön","ön",0.00,"",2.20,1.35,0.20,0.20,0.67,0.00,0.00,"0/3 kare koşu","hasarsız skill (base_damage 0): etki hareketin kendisi; vuruş 1: 0,60s@boss1,85m/oyuncu0,35m; kalıp sonu: merkeze 2,20 m, başlangıçtan 0,80 m, kalıp simülasyonundan 0,00 m"
11-7,"Bulandırıcı Çağrı","Kılıç","sirt_saplama",1,1,1,1,1,1,1,1,1,1,"yerinde","yerinde",0.00,"boss:Blind",2.85,1.35,0.47,0.44,0.93,0.00,0.00,"","vuruş 1: 0,80s@boss0,00m/oyuncu2,85m; kalıp sonu: merkeze 2,85 m, başlangıçtan 0,15 m, kalıp simülasyonundan 0,00 m"
11-8,"Yükselen Çağrı","Kılıç","dostu_yerden",1,1,1,1,1,1,1,1,1,1,"yan","yan",0.00,"",2.47,1.35,0.95,0.90,1.42,0.00,0.00,"0/10 kare koşu","hasarsız skill (base_damage 0): etki hareketin kendisi; vuruş 1: 1,16s@boss2,36m/oyuncu0,95m; kalıp sonu: merkeze 2,52 m, başlangıçtan 1,11 m, kalıp simülasyonundan 0,00 m"
11-9,"Odaklı Çağrı","Kılıç","pesinden_av",1,1,1,1,1,1,1,1,1,1,"ön","ön",0.00,"",1.90,1.35,2.47,2.46,2.93,0.00,0.00,"0/2 kare koşu","hasarsız skill (base_damage 0): etki hareketin kendisi; vuruş 1: 2,80s@boss0,00m/oyuncu1,90m; kalıp sonu: merkeze 1,90 m, başlangıçtan 1,10 m, kalıp simülasyonundan 0,00 m"
12-7,"Bulandırıcı Zaman","Kılıç","kum_saati",1,1,1,1,1,1,1,1,1,1,"yerinde","yerinde",0.00,"boss:Blind+Slow, boss hız x0,70",3.00,1.35,0.67,0.62,1.07,0.00,0.00,"","vuruş 1: 0,53s@boss0,28m/oyuncu3,28m; kalıp sonu: merkeze 3,00 m, başlangıçtan 0,00 m, kalıp simülasyonundan 0,00 m"
12-8,"Yükselen Zaman","Kılıç","isik_sutunu",1,1,1,1,1,1,1,1,1,1,"yerinde","yerinde",0.00,"oyuncu:Haste, oyuncu hız x1,50",2.90,1.35,0.53,0.48,1.00,0.00,0.00,"","vuruş 1: 0,80s@boss2,92m/oyuncu0,00m; kalıp sonu: merkeze 2,90 m, başlangıçtan 0,10 m, kalıp simülasyonundan 0,00 m"
12-9,"Odaklı Zaman","Kılıç","isaret_patlamasi",1,1,1,1,1,1,1,1,1,1,"yerinde","yerinde",0.00,"boss:Slow, boss hız x0,70",3.00,1.35,1.93,1.92,2.40,0.00,0.00,"","vuruş 1: 2,27s@boss0,00m/oyuncu3,00m; kalıp sonu: merkeze 3,00 m, başlangıçtan 0,00 m, kalıp simülasyonundan 0,00 m"
1-1,"Yoğun Vuruş","Asa","yukle_birak",1,1,1,1,1,1,1,1,1,1,"ön","ön",159632.00,"",1.50,1.35,0.53,0.52,1.07,0.00,0.00,"0/3 kare koşu","vuruş 1: 0,93s@boss0,38m/oyuncu1,53m; kalıp sonu: merkeze 1,50 m, başlangıçtan 1,50 m, kalıp simülasyonundan 0,00 m; toparlanma 0,53 sn (tablo 0,26)"
1-2,"Emici Vuruş","Asa","kan_ceken_pence",1,1,1,1,1,1,1,1,1,1,"yerinde","yerinde",107776.00,"oyuncu +32333 can",1.35,1.35,0.56,0.38,1.09,0.00,0.00,"","vuruş 3: 0,60s@boss1,71m/oyuncu1,02m 0,74s@boss1,14m/oyuncu1,02m 0,86s@boss0,63m/oyuncu1,02m; kalıp sonu: merkeze 1,35 m, başlangıçtan 0,00 m, kalıp simülasyonundan 1,50 m, boss 1,65 m kaydı; toparlanma 0,53 sn (tablo 0,26)"
1-3,"Sıçrayan Vuruş","Asa","yan_yan_sekme",1,1,1,1,1,1,1,1,1,1,"geri","geri",116176.00,"",2.85,1.35,0.47,0.46,1.00,0.00,0.00,"0/7 kare koşu","vuruş 2: 0,60s@boss0,74m/oyuncu3,52m 0,94s@boss0,74m/oyuncu4,37m; kalıp sonu: merkeze 3,70 m, başlangıçtan 1,30 m, kalıp simülasyonundan 0,00 m; toparlanma 0,53 sn (tablo 0,26)"
1-4,"Sabit Vuruş","Asa","yere_cakilan",1,1,1,1,1,1,1,1,1,1,"yerinde","yerinde",115488.00,"",2.80,1.35,0.47,0.42,1.00,0.00,0.00,"","vuruş 1: 0,87s@boss2,81m/oyuncu0,00m; kalıp sonu: merkeze 2,80 m, başlangıçtan 0,20 m, kalıp simülasyonundan 0,00 m; toparlanma 0,53 sn (tablo 0,26)"
1-5,"Yayılan Vuruş","Asa","donen_kesik",1,1,1,1,1,1,1,1,1,1,"yerinde","yerinde",101040.00,"",3.00,1.35,0.60,0.55,1.13,0.00,0.00,"","vuruş 1: 0,73s@boss3,00m/oyuncu0,00m; kalıp sonu: merkeze 3,00 m, başlangıçtan 0,00 m, kalıp simülasyonundan 0,00 m; toparlanma 0,53 sn (tablo 0,26)"
1-6,"Bağlayıcı Vuruş","Asa","zincirli_firlatma",1,1,1,1,1,1,1,1,1,1,"ön","ön",143960.00,"boss:Root+Slow, boss hız x0,00",1.50,1.35,0.74,0.70,1.27,0.00,0.00,"2/4 kare koşu, ayak/gövde hız oranı 0,99","vuruş 2: 0,67s@boss0,45m/oyuncu3,45m 1,13s@boss0,46m/oyuncu1,28m; kalıp sonu: merkeze 1,50 m, başlangıçtan 1,50 m, kalıp simülasyonundan 0,00 m; toparlanma 0,53 sn (tablo 0,26)"
2-1,"Yoğun Şifa","Asa","tek_dokunus",1,1,1,1,1,1,1,1,1,1,"geri","geri",0.00,"oyuncu +128000 can",3.00,1.35,0.20,0.16,0.67,0.00,0.00,"0/2 kare koşu","vuruş 1: 0,53s@boss3,88m/oyuncu0,68m; kalıp sonu: merkeze 3,41 m, başlangıçtan 0,55 m, kalıp simülasyonundan 0,00 m, kalıp hedefi AllyDummy; toparlanma 0,46 sn (tablo 0,26)"
2-2,"Emici Şifa","Asa","uzaktan_emme",1,1,1,1,1,1,1,1,1,1,"yerinde","yerinde",66496.00,"oyuncu +64000 can, dost +64000 can",2.65,1.35,2.20,2.16,2.67,0.00,0.00,"","vuruş 4: 1,07s@boss0,19m/oyuncu2,72m 1,60s@boss0,10m/oyuncu2,72m 2,07s@boss0,02m/oyuncu2,72m 2,60s@boss0,07m/oyuncu2,72m; kalıp sonu: merkeze 2,65 m, başlangıçtan 0,35 m, kalıp simülasyonundan 0,00 m; toparlanma 0,46 sn (tablo 0,26)"
2-3,"Sıçrayan Şifa","Asa","dosttan_dosta",1,1,1,1,1,1,1,1,1,1,"yerinde","yerinde",0.00,"oyuncu +44000 can, dost +80000 can",3.00,1.35,0.60,0.54,1.07,0.00,0.00,"","vuruş 3: 0,60s@boss6,43m/oyuncu3,95m 0,67s@boss6,98m/oyuncu4,53m 0,87s@boss6,88m/oyuncu4,54m; kalıp sonu: merkeze 3,00 m, başlangıçtan 0,00 m, kalıp simülasyonundan 0,00 m, kalıp hedefi AllyDummy; toparlanma 0,46 sn (tablo 0,26)"
2-4,"Sabit Şifa","Asa","totem_dikme",1,1,1,1,1,1,1,1,1,1,"yerinde","yerinde",0.00,"oyuncu +128000 can",3.00,1.35,0.33,0.30,0.80,0.00,0.00,"","vuruş 1: 0,67s@boss3,10m/oyuncu0,00m; kalıp sonu: merkeze 3,11 m, başlangıçtan 0,15 m, kalıp simülasyonundan 0,00 m, kalıp hedefi AllyDummy; toparlanma 0,46 sn (tablo 0,26)"
2-5,"Yayılan Şifa","Asa","genisleyen_halka",1,1,1,1,1,1,1,1,1,1,"yerinde","yerinde",0.00,"oyuncu +128000 can",3.00,1.35,0.60,0.58,1.06,0.00,0.00,"","vuruş 1: 0,87s@boss3,00m/oyuncu0,00m; kalıp sonu: merkeze 3,00 m, başlangıçtan 0,00 m, kalıp simülasyonundan 0,00 m; toparlanma 0,46 sn (tablo 0,26)"
2-6,"Bağlayıcı Şifa","Asa","dostu_kanca",1,1,1,1,1,1,1,1,1,1,"geri","geri",0.00,"oyuncu +128000 can",3.00,1.35,0.53,0.52,1.01,0.00,0.00,"1/6 kare koşu, ayak/gövde hız oranı 1,02","vuruş 1: 0,87s@boss5,78m/oyuncu0,40m; kalıp sonu: merkeze 5,92 m, başlangıçtan 3,40 m, kalıp simülasyonundan 0,00 m, kalıp hedefi AllyDummy; toparlanma 0,46 sn (tablo 0,26)"
3-1,"Yoğun Adım","Asa","isinlan_kes",1,1,1,1,1,1,1,1,1,1,"arka","arka",0.00,"",1.50,1.35,0.53,0.48,1.07,0.00,0.00,"0/1 kare koşu","hasarsız skill (base_damage 0): etki hareketin kendisi; vuruş 1: 0,93s@boss0,00m/oyuncu1,50m; kalıp sonu: merkeze 1,50 m, başlangıçtan 4,50 m, kalıp simülasyonundan 0,00 m; tek karede 4,50 m sıçrama (sınır 2,45 m @ 66 ms, t=0,87, faz isin, blink tasarım gereği); toparlanma 0,53 sn (tablo 0,26)"
3-2,"Emici Adım","Asa","icinden_emme",1,1,1,1,1,1,1,1,1,1,"arka","arka",0.00,"",0.15,1.35,0.33,0.28,0.87,0.00,0.00,"1/5 kare koşu, ayak/gövde hız oranı 1,01","hasarsız skill (base_damage 0): etki hareketin kendisi; vuruş 1: 0,67s@boss0,22m/oyuncu1,36m; kalıp sonu: merkeze 2,62 m, başlangıçtan 5,28 m, kalıp simülasyonundan 0,37 m, boss 0,34 m kaydı; gövdeye girdi: merkeze 0,15 m (t=0,60, temas 1,35) geçiş tasarım gereği; toparlanma 0,53 sn (tablo 0,26)"
3-3,"Sıçrayan Adım","Asa","sekmeli_ziplama",1,1,1,1,1,1,1,1,1,1,"arka","arka",0.00,"",1.50,1.35,0.60,0.60,1.13,0.00,0.00,"0/9 kare koşu","hasarsız skill (base_damage 0): etki hareketin kendisi; vuruş 3: 0,67s@boss1,79m/oyuncu0,01m 0,87s@boss1,50m/oyuncu0,00m 1,07s@boss1,50m/oyuncu0,00m; kalıp sonu: merkeze 1,50 m, başlangıçtan 4,50 m, kalıp simülasyonundan 0,00 m; toparlanma 0,53 sn (tablo 0,26)"
3-4,"Sabit Adım","Asa","geri_sarma",1,1,1,1,1,1,1,1,1,1,"başlangıç","başlangıç",0.00,"",1.50,1.35,2.67,2.66,3.20,0.00,0.00,"2/9 kare koşu, ayak/gövde hız oranı 0,93","hasarsız skill (base_damage 0): etki hareketin kendisi; kalıp sonu: merkeze 3,00 m, başlangıçtan 0,00 m, kalıp simülasyonundan 0,00 m; toparlanma 0,53 sn (tablo 0,26)"
3-5,"Yayılan Adım","Asa","dalis_patlamasi",1,1,1,1,1,1,1,1,1,1,"ön","ön",0.00,"",1.50,1.35,0.47,0.42,1.00,0.00,0.00,"0/4 kare koşu","hasarsız skill (base_damage 0): etki hareketin kendisi; vuruş 1: 0,80s@boss1,50m/oyuncu0,00m; kalıp sonu: merkeze 1,50 m, başlangıçtan 1,50 m, kalıp simülasyonundan 0,00 m; toparlanma 0,53 sn (tablo 0,26)"
3-6,"Bağlayıcı Adım","Asa","kanca_cekis",1,1,1,1,1,1,1,1,1,1,"arka","arka",0.00,"boss:Root+Slow, boss hız x0,00",1.50,1.35,0.80,0.74,1.33,0.00,0.00,"1/10 kare koşu, ayak/gövde hız oranı 1,01","vuruş 1: 1,13s@boss0,00m/oyuncu1,50m; kalıp sonu: merkeze 1,50 m, başlangıçtan 4,50 m, kalıp simülasyonundan 0,00 m; toparlanma 0,53 sn (tablo 0,26)"
4-1,"Yoğun Kalkan","Asa","tam_zamanli",1,1,1,1,1,1,1,1,1,1,"yerinde","yerinde",0.00,"",3.00,1.35,0.54,0.50,1.07,0.00,0.00,"","hasarsız skill (base_damage 0): etki hareketin kendisi; vuruş 1: 0,87s@boss0,62m/oyuncu2,38m; kalıp sonu: merkeze 3,00 m, başlangıçtan 0,00 m, kalıp simülasyonundan 0,00 m; toparlanma 0,53 sn (tablo 0,26)"
4-2,"Emici Kalkan","Asa","kalkan_calma",1,1,1,1,1,1,1,1,1,1,"yerinde","yerinde",76000.00,"",1.35,1.35,0.20,0.20,0.73,0.00,0.00,"","vuruş 1: 0,60s@boss1,46m/oyuncu1,28m; kalıp sonu: merkeze 2,18 m, başlangıçtan 0,00 m, kalıp simülasyonundan 1,50 m, boss 0,82 m kaydı; toparlanma 0,53 sn (tablo 0,26)"
4-3,"Sıçrayan Kalkan","Asa","seken_disk",1,1,1,1,1,1,1,1,1,1,"yerinde","yerinde",0.00,"",3.00,1.35,0.47,0.42,1.00,0.00,0.00,"","hasarsız skill (base_damage 0): etki hareketin kendisi; vuruş 2: 0,67s@boss0,30m/oyuncu3,30m 0,80s@boss3,04m/oyuncu1,43m; kalıp sonu: merkeze 3,00 m, başlangıçtan 0,00 m, kalıp simülasyonundan 0,00 m; toparlanma 0,53 sn (tablo 0,26)"
5-1,"Yoğun Patlama","Asa","saplanan_fitil",1,1,1,1,1,1,1,1,1,1,"geri","geri",139512.00,"",2.39,1.35,1.60,1.62,2.07,0.00,0.00,"1/6 kare koşu, ayak/gövde hız oranı 1,02","vuruş 2: 0,53s@boss0,85m/oyuncu1,54m 2,07s@boss0,85m/oyuncu2,95m; kalıp sonu: merkeze 3,80 m, başlangıçtan 0,80 m, kalıp simülasyonundan 0,00 m; toparlanma 0,46 sn (tablo 0,26)"
5-2,"Emici Patlama","Asa","ceken_girdap",1,1,1,1,1,1,1,1,1,1,"yerinde","yerinde",94080.00,"oyuncu +28224 can",1.35,1.35,1.33,1.32,1.80,0.00,0.00,"","vuruş 3: 1,13s@boss0,00m/oyuncu1,35m 1,60s@boss0,00m/oyuncu1,35m 1,67s@boss0,00m/oyuncu1,35m; kalıp sonu: merkeze 1,35 m, başlangıçtan 0,00 m, kalıp simülasyonundan 0,00 m, boss 1,65 m kaydı; toparlanma 0,46 sn (tablo 0,26)"
5-3,"Sıçrayan Patlama","Asa","seken_bomba",1,1,1,1,1,1,1,1,1,1,"yerinde","yerinde",101368.00,"",3.00,1.35,0.59,0.58,1.06,0.00,0.00,"","vuruş 3: 0,60s@boss0,40m/oyuncu3,40m 0,73s@boss0,00m/oyuncu3,00m 0,93s@boss0,35m/oyuncu3,02m; kalıp sonu: merkeze 3,00 m, başlangıçtan 0,00 m, kalıp simülasyonundan 0,00 m; toparlanma 0,46 sn (tablo 0,26)"
6-1,"Yoğun Bağ","Asa","sinir_noktasi",1,1,1,1,1,1,1,1,1,1,"ön","ön",32056.00,"boss:Stun, boss hız x0,00",1.50,1.35,0.40,0.34,0.93,0.00,0.00,"0/4 kare koşu","vuruş 1: 0,80s@boss0,91m/oyuncu0,59m; kalıp sonu: merkeze 1,50 m, başlangıçtan 1,50 m, kalıp simülasyonundan 0,00 m; toparlanma 0,53 sn (tablo 0,26)"
6-2,"Emici Bağ","Asa","bossu_cek",1,1,1,1,1,1,1,1,1,1,"geri","geri",21008.00,"boss:Root, boss hız x0,00, oyuncu +6304 can",1.35,1.35,0.47,0.44,1.00,0.00,0.00,"2/5 kare koşu, ayak/gövde hız oranı 1,01","vuruş 1: 0,80s@boss2,63m/oyuncu1,36m; kalıp sonu: merkeze 3,28 m, başlangıçtan 1,60 m, kalıp simülasyonundan 0,00 m, boss 1,32 m kaydı; toparlanma 0,53 sn (tablo 0,26)"
6-3,"Sıçrayan Bağ","Asa","basip_sekme",1,1,1,1,1,1,1,1,1,1,"başlangıç","başlangıç",22792.00,"boss:Root, boss hız x0,00",1.64,1.35,0.53,0.52,1.07,0.00,0.00,"0/8 kare koşu","vuruş 1: 0,80s@boss1,50m/oyuncu0,26m; kalıp sonu: merkeze 3,20 m, başlangıçtan 0,20 m, kalıp simülasyonundan 0,00 m; toparlanma 0,53 sn (tablo 0,26)"
1-7,"Bulandırıcı Vuruş","Asa","dumandan_cikis",1,1,1,1,1,1,1,1,1,1,"ön","ön",117352.00,"boss:Blind",1.50,1.35,0.55,0.48,1.08,0.00,0.00,"0/3 kare koşu","vuruş 1: 0,86s@boss0,75m/oyuncu1,36m; kalıp sonu: merkeze 1,50 m, başlangıçtan 1,50 m, kalıp simülasyonundan 0,00 m; toparlanma 0,53 sn (tablo 0,26)"
1-8,"Yükselen Vuruş","Asa","havaya_kaldirma",1,1,1,1,1,1,1,1,1,1,"ön","ön",132800.00,"boss:Stun, boss hız x0,00",1.90,1.35,0.40,0.34,0.94,0.00,0.00,"0/5 kare koşu","vuruş 1: 0,67s@boss1,07m/oyuncu1,28m; kalıp sonu: merkeze 1,90 m, başlangıçtan 1,10 m, kalıp simülasyonundan 0,00 m; toparlanma 0,53 sn (tablo 0,26)"
1-9,"Odaklı Vuruş","Asa","isarete_vur",1,1,1,1,1,1,1,1,1,1,"ön","ön",189904.00,"",1.65,1.35,0.40,0.38,0.94,0.00,0.00,"0/3 kare koşu","vuruş 1: 0,80s@boss0,79m/oyuncu1,28m; kalıp sonu: merkeze 1,65 m, başlangıçtan 1,35 m, kalıp simülasyonundan 0,00 m; toparlanma 0,53 sn (tablo 0,26)"
2-7,"Bulandırıcı Şifa","Asa","sis_ortusu",1,1,1,1,1,1,1,1,1,1,"yerinde","yerinde",0.00,"oyuncu +128000 can",3.00,1.35,0.33,0.30,0.80,0.00,0.00,"","vuruş 1: 0,60s@boss0,00m/oyuncu3,00m; kalıp sonu: merkeze 3,00 m, başlangıçtan 0,00 m, kalıp simülasyonundan 0,00 m; toparlanma 0,46 sn (tablo 0,26)"
2-8,"Yükselen Şifa","Asa","yerden_buyuyen",1,1,1,1,1,1,1,1,1,1,"yerinde","yerinde",0.00,"oyuncu +128000 can",3.00,1.35,0.47,0.42,0.93,0.00,0.00,"","vuruş 1: 0,73s@boss6,98m/oyuncu4,33m; kalıp sonu: merkeze 3,18 m, başlangıçtan 0,25 m, kalıp simülasyonundan 0,00 m, kalıp hedefi AllyDummy; toparlanma 0,46 sn (tablo 0,26)"
2-9,"Odaklı Şifa","Asa","koruyucu_isaret",1,1,1,1,1,1,1,1,1,1,"geri","geri",0.00,"oyuncu +128000 can",3.00,1.35,0.27,0.20,0.73,0.00,0.00,"0/3 kare koşu","vuruş 1: 0,60s@boss3,89m/oyuncu0,35m; kalıp sonu: merkeze 3,61 m, başlangıçtan 0,80 m, kalıp simülasyonundan 0,00 m, kalıp hedefi AllyDummy; toparlanma 0,46 sn (tablo 0,26)"
3-7,"Bulandırıcı Adım","Asa","duman_kaybolma",1,1,1,1,1,1,1,1,1,1,"ön","ön",0.00,"boss:Blind, oyuncu:Stealth",1.50,1.35,0.60,0.59,1.13,0.00,0.00,"0/2 kare koşu","vuruş 1: 0,67s@boss1,50m/oyuncu0,00m; kalıp sonu: merkeze 1,50 m, başlangıçtan 1,50 m, kalıp simülasyonundan 0,00 m; toparlanma 0,53 sn (tablo 0,26)"
3-8,"Yükselen Adım","Asa","sicrayip_cakilma",1,1,1,1,1,1,1,1,1,1,"ön","ön",0.00,"oyuncu:Haste, oyuncu hız x1,10",1.50,1.35,0.87,0.82,1.40,0.00,0.00,"0/5 kare koşu","vuruş 1: 1,27s@boss1,50m/oyuncu0,00m; kalıp sonu: merkeze 1,50 m, başlangıçtan 1,50 m, kalıp simülasyonundan 0,00 m; toparlanma 0,53 sn (tablo 0,26)"
3-9,"Odaklı Adım","Asa","isinlan_kes",1,1,1,1,1,1,1,1,1,1,"arka","arka",0.00,"",1.50,1.35,0.53,0.48,1.07,0.00,0.00,"0/1 kare koşu","hasarsız skill (base_damage 0): etki hareketin kendisi; vuruş 1: 0,93s@boss0,00m/oyuncu1,50m; kalıp sonu: merkeze 1,50 m, başlangıçtan 4,50 m, kalıp simülasyonundan 0,00 m; tek karede 4,50 m sıçrama (sınır 2,46 m @ 66 ms, t=0,87, faz isin, blink tasarım gereği); toparlanma 0,53 sn (tablo 0,26)"
7-1,"Yoğun Zafiyet","Asa","diken_firlatma",1,1,1,1,1,1,1,1,1,1,"yerinde","yerinde",19336.00,"",3.00,1.35,0.33,0.40,0.87,0.00,0.00,"","vuruş 1: 0,87s@boss0,30m/oyuncu3,30m; kalıp sonu: merkeze 3,00 m, başlangıçtan 0,00 m, kalıp simülasyonundan 0,00 m; toparlanma 0,53 sn (tablo 0,26)"
7-2,"Emici Zafiyet","Asa","sokup_cekme",1,1,1,1,1,1,1,1,1,1,"geri","geri",18920.00,"oyuncu +5676 can",3.00,1.35,0.47,0.44,1.00,0.00,0.00,"2/5 kare koşu, ayak/gövde hız oranı 1,01","vuruş 2: 0,67s@boss0,35m/oyuncu3,45m 0,80s@boss2,59m/oyuncu1,19m; kalıp sonu: merkeze 4,30 m, başlangıçtan 1,30 m, kalıp simülasyonundan 0,00 m; toparlanma 0,53 sn (tablo 0,26)"
7-3,"Sıçrayan Zafiyet","Asa","seken_yaratik",1,1,1,1,1,1,1,1,1,1,"yerinde","yerinde",16184.00,"",3.00,1.35,0.67,0.64,1.20,0.00,0.00,"","vuruş 3: 0,73s@boss0,00m/oyuncu3,00m 0,93s@boss0,35m/oyuncu3,02m 1,07s@boss0,35m/oyuncu3,02m; kalıp sonu: merkeze 3,00 m, başlangıçtan 0,00 m, kalıp simülasyonundan 0,00 m; toparlanma 0,53 sn (tablo 0,26)"
8-1,"Yoğun Yükseliş","Asa","kuculten_kapi",1,1,1,1,1,1,1,1,1,1,"yerinde","yerinde",0.00,"",3.00,1.35,0.33,0.28,0.80,0.00,0.00,"","hasarsız skill (base_damage 0): etki hareketin kendisi; vuruş 1: 0,60s@boss0,62m/oyuncu2,38m; kalıp sonu: merkeze 3,00 m, başlangıçtan 0,00 m, kalıp simülasyonundan 0,00 m; toparlanma 0,46 sn (tablo 0,26)"
8-2,"Emici Yükseliş","Asa","kan_muhru",1,1,1,1,1,1,1,1,1,1,"yerinde","yerinde",0.00,"",3.00,1.35,0.33,0.32,0.80,0.00,0.00,"","hasarsız skill (base_damage 0): etki hareketin kendisi; vuruş 1: 0,60s@boss3,00m/oyuncu0,00m; kalıp sonu: merkeze 3,00 m, başlangıçtan 0,00 m, kalıp simülasyonundan 0,00 m; toparlanma 0,46 sn (tablo 0,26)"
8-3,"Sıçrayan Yükseliş","Asa","pas_verme",1,1,1,1,1,1,1,1,1,1,"yerinde","yerinde",0.00,"",3.00,1.35,0.27,0.24,0.73,0.00,0.00,"","hasarsız skill (base_damage 0): etki hareketin kendisi; vuruş 1: 0,67s@boss6,38m/oyuncu3,90m; kalıp sonu: merkeze 3,00 m, başlangıçtan 0,00 m, kalıp simülasyonundan 0,00 m, kalıp hedefi AllyDummy; toparlanma 0,46 sn (tablo 0,26)"
9-1,"Yoğun Arınma","Asa","tek_dokunus",1,1,1,1,1,1,1,1,1,1,"geri","geri",0.00,"oyuncu +24000 can",3.00,1.35,0.20,0.16,0.73,0.00,0.00,"0/2 kare koşu","vuruş 1: 0,60s@boss3,89m/oyuncu0,68m; kalıp sonu: merkeze 3,41 m, başlangıçtan 0,55 m, kalıp simülasyonundan 0,00 m, kalıp hedefi AllyDummy; toparlanma 0,53 sn (tablo 0,26)"
9-2,"Emici Arınma","Asa","cekip_firlat",1,1,1,1,1,1,1,1,1,1,"yerinde","yerinde",0.00,"oyuncu +8000 can, dost +16000 can",3.00,1.35,0.53,0.50,1.07,0.00,0.00,"","vuruş 2: 0,66s@boss2,65m/oyuncu0,35m 0,93s@boss0,30m/oyuncu3,30m; kalıp sonu: merkeze 3,00 m, başlangıçtan 0,00 m, kalıp simülasyonundan 0,00 m; toparlanma 0,53 sn (tablo 0,26)"
9-3,"Sıçrayan Arınma","Asa","dosttan_dosta",1,1,1,1,1,1,1,1,1,1,"yerinde","yerinde",0.00,"oyuncu +16000 can, dost +8000 can",3.00,1.35,0.60,0.54,1.13,0.00,0.00,"","vuruş 3: 0,67s@boss6,43m/oyuncu3,95m 0,74s@boss6,98m/oyuncu4,53m 0,93s@boss6,88m/oyuncu4,54m; kalıp sonu: merkeze 3,00 m, başlangıçtan 0,00 m, kalıp simülasyonundan 0,00 m, kalıp hedefi AllyDummy; toparlanma 0,53 sn (tablo 0,26)"
1-10,"Aynalı Vuruş","Asa","sirtta_kapi",1,1,1,1,1,1,1,1,1,1,"ön","ön",11110930.00,"",1.80,1.35,0.33,0.32,0.87,0.00,0.00,"0/3 kare koşu","vuruş 2: 0,60s@boss0,91m/oyuncu1,19m 0,74s@boss0,55m/oyuncu2,35m; kalıp sonu: merkeze 1,80 m, başlangıçtan 1,20 m, kalıp simülasyonundan 0,00 m; toparlanma 0,53 sn (tablo 0,26)"
1-11,"Kopya Vuruş","Asa","golge_yankisi",1,1,1,1,1,1,1,1,1,1,"ön","ön",114928.00,"",2.10,1.35,0.53,0.50,1.07,0.00,0.00,"1/3 kare koşu, ayak/gövde hız oranı 1,01","vuruş 2: 0,60s@boss1,09m/oyuncu1,15m 0,93s@boss1,95m/oyuncu1,39m; kalıp sonu: merkeze 2,10 m, başlangıçtan 0,90 m, kalıp simülasyonundan 0,00 m; toparlanma 0,53 sn (tablo 0,26)"
1-12,"Akan Vuruş","Asa","basili_seri",1,1,1,1,1,1,1,1,1,1,"ön","ön",81564.00,"",1.60,1.35,3.06,3.00,3.60,0.00,0.00,"","vuruş 6: 0,73s@boss1,73m/oyuncu1,15m 1,27s@boss1,48m/oyuncu1,15m 1,73s@boss1,26m/oyuncu1,15m 2,26s@boss1,01m/oyuncu1,15m 2,73s@boss0,80m/oyuncu1,15m 3,26s@boss0,55m/oyuncu1,15m; kalıp sonu: merkeze 1,60 m, başlangıçtan 1,40 m, kalıp simülasyonundan 0,00 m; toparlanma 0,53 sn (tablo 0,26)"
2-10,"Aynalı Şifa","Asa","ters_es",1,1,1,1,1,1,1,1,1,1,"yerinde","yerinde",21000.00,"oyuncu +140000 can",3.00,1.35,0.47,0.44,0.93,0.00,0.00,"","vuruş 2: 0,60s@boss2,60m/oyuncu0,40m 0,80s@boss0,00m/oyuncu3,00m; kalıp sonu: merkeze 3,00 m, başlangıçtan 0,00 m, kalıp simülasyonundan 0,00 m; toparlanma 0,46 sn (tablo 0,26)"
2-11,"Kopya Şifa","Asa","golge_ulak",1,1,1,1,1,1,1,1,1,1,"yan","yan",0.00,"oyuncu +76000 can, dost +52000 can",2.43,1.35,1.42,1.36,1.88,0.00,0.00,"1/3 kare koşu, ayak/gövde hız oranı 1,00","vuruş 2: 0,53s@boss3,26m/oyuncu0,35m 1,68s@boss2,87m/oyuncu1,46m; kalıp sonu: merkeze 2,43 m, başlangıçtan 1,41 m, kalıp simülasyonundan 0,00 m, kalıp hedefi AllyDummy; toparlanma 0,46 sn (tablo 0,26)"
2-12,"Akan Şifa","Asa","basili_isik",1,1,1,1,1,1,1,1,1,1,"geri","geri",0.00,"oyuncu +60000 can, dost +60000 can",3.00,1.35,3.06,3.00,3.53,0.00,0.00,"","vuruş 6: 0,67s@boss5,38m/oyuncu2,72m 1,20s@boss5,58m/oyuncu2,72m 1,67s@boss5,75m/oyuncu2,72m 2,20s@boss5,95m/oyuncu2,72m 2,67s@boss6,13m/oyuncu2,72m 3,20s@boss6,33m/oyuncu2,72m; kalıp sonu: merkeze 3,94 m, başlangıçtan 1,20 m, kalıp simülasyonundan 0,00 m, kalıp hedefi AllyDummy; toparlanma 0,46 sn (tablo 0,26)"
3-10,"Aynalı Adım","Asa","iki_kapi",1,1,1,1,1,1,1,1,1,1,"ön","ön",0.00,"",1.50,1.35,0.60,0.54,1.13,0.00,0.00,"0/4 kare koşu","hasarsız skill (base_damage 0): etki hareketin kendisi; vuruş 2: 0,53s@boss3,00m/oyuncu0,00m 0,93s@boss1,50m/oyuncu0,00m; kalıp sonu: merkeze 1,50 m, başlangıçtan 1,50 m, kalıp simülasyonundan 0,00 m; toparlanma 0,53 sn (tablo 0,26)"
3-11,"Kopya Adım","Asa","yem_kac",1,1,1,1,1,1,1,1,1,1,"geri","geri",0.00,"",3.00,1.35,0.47,0.40,1.00,0.00,0.00,"0/4 kare koşu","hasarsız skill (base_damage 0): etki hareketin kendisi; vuruş 1: 0,53s@boss3,00m/oyuncu0,00m; kalıp sonu: merkeze 5,80 m, başlangıçtan 2,80 m, kalıp simülasyonundan 0,00 m; toparlanma 0,53 sn (tablo 0,26)"
3-12,"Akan Adım","Asa","suzulme",1,1,1,1,1,1,1,1,1,1,"ön","ön",0.00,"",1.90,1.35,3.07,3.00,3.60,0.00,0.00,"","hasarsız skill (base_damage 0): etki hareketin kendisi; kalıp sonu: merkeze 1,90 m, başlangıçtan 1,10 m, kalıp simülasyonundan 0,00 m; toparlanma 0,53 sn (tablo 0,26)"
10-1,"Yoğun Yansı","Asa","tam_zamanli",1,1,1,1,1,1,1,1,1,1,"yerinde","yerinde",0.00,"",3.00,1.35,0.53,0.50,1.07,0.00,0.00,"","hasarsız skill (base_damage 0): etki hareketin kendisi; vuruş 1: 0,87s@boss0,62m/oyuncu2,38m; kalıp sonu: merkeze 3,00 m, başlangıçtan 0,00 m, kalıp simülasyonundan 0,00 m; toparlanma 0,53 sn (tablo 0,26)"
10-2,"Emici Yansı","Asa","yutan_girdap",1,1,1,1,1,1,1,1,1,1,"yerinde","yerinde",0.00,"",1.35,1.35,3.22,3.18,3.76,0.00,0.00,"","hasarsız skill (base_damage 0): etki hareketin kendisi; vuruş 4: 1,40s@boss1,03m/oyuncu2,38m 2,19s@boss1,03m/oyuncu2,38m 2,96s@boss1,03m/oyuncu2,38m 3,69s@boss1,03m/oyuncu2,38m; kalıp sonu: merkeze 1,35 m, başlangıçtan 0,00 m, kalıp simülasyonundan 0,00 m, boss 1,65 m kaydı; toparlanma 0,53 sn (tablo 0,26)"
10-3,"Sıçrayan Yansı","Asa","seken_geri",1,1,1,1,1,1,1,1,1,1,"ön","ön",0.00,"",1.90,1.35,0.40,0.36,0.93,0.00,0.00,"0/3 kare koşu","hasarsız skill (base_damage 0): etki hareketin kendisi; vuruş 2: 0,60s@boss0,56m/oyuncu1,53m 0,73s@boss0,00m/oyuncu1,90m; kalıp sonu: merkeze 1,90 m, başlangıçtan 1,10 m, kalıp simülasyonundan 0,00 m; toparlanma 0,53 sn (tablo 0,26)"
10-10,"Aynalı Yansı","Asa","iki_kapi",1,1,1,1,1,1,1,1,1,1,"ön","ön",0.00,"",1.50,1.35,0.60,0.54,1.13,0.00,0.00,"0/4 kare koşu","hasarsız skill (base_damage 0): etki hareketin kendisi; vuruş 2: 0,53s@boss3,00m/oyuncu0,00m 0,93s@boss1,50m/oyuncu0,00m; kalıp sonu: merkeze 1,50 m, başlangıçtan 1,50 m, kalıp simülasyonundan 0,00 m; toparlanma 0,53 sn (tablo 0,26)"
10-11,"Kopya Yansı","Asa","yem_kopya",1,1,1,1,1,1,1,1,1,1,"yerinde","yerinde",0.00,"",3.00,1.35,0.27,0.24,0.80,0.00,0.00,"","hasarsız skill (base_damage 0): etki hareketin kendisi; vuruş 1: 0,60s@boss2,98m/oyuncu1,29m; kalıp sonu: merkeze 3,00 m, başlangıçtan 0,00 m, kalıp simülasyonundan 0,00 m; toparlanma 0,53 sn (tablo 0,26)"
10-12,"Akan Yansı","Asa","basili_siper",1,1,1,1,1,1,1,1,1,1,"ön","ön",0.00,"",2.20,1.35,3.07,3.00,3.60,0.00,0.00,"","hasarsız skill (base_damage 0): etki hareketin kendisi; vuruş 3: 1,27s@boss0,41m/oyuncu2,38m 2,27s@boss0,14m/oyuncu2,38m 3,27s@boss0,13m/oyuncu2,38m; kalıp sonu: merkeze 2,20 m, başlangıçtan 0,80 m, kalıp simülasyonundan 0,00 m; toparlanma 0,53 sn (tablo 0,26)"
11-1,"Yoğun Çağrı","Asa","sirt_saplama",1,1,1,1,1,1,1,1,1,1,"yerinde","yerinde",0.00,"",2.73,1.35,0.47,0.44,1.00,0.00,0.00,"0/2 kare koşu","hasarsız skill (base_damage 0): etki hareketin kendisi; vuruş 1: 0,87s@boss0,00m/oyuncu2,73m; kalıp sonu: merkeze 2,73 m, başlangıçtan 0,28 m, kalıp simülasyonundan 0,00 m; toparlanma 0,53 sn (tablo 0,26)"
11-2,"Emici Çağrı","Asa","yapisan",1,1,1,1,1,1,1,1,1,1,"yerinde","yerinde",0.00,"",1.35,1.35,5.22,5.18,5.75,0.00,0.00,"","hasarsız skill (base_damage 0): etki hareketin kendisi; vuruş 6: 0,66s@boss0,20m/oyuncu2,65m 1,69s@boss0,00m/oyuncu1,35m 2,69s@boss0,00m/oyuncu1,35m 3,69s@boss0,00m/oyuncu1,35m 4,69s@boss0,00m/oyuncu1,35m 5,69s@boss0,00m/oyuncu1,35m; kalıp sonu: merkeze 1,35 m, başlangıçtan 0,00 m, kalıp simülasyonundan 0,00 m, boss 1,65 m kaydı; toparlanma 0,53 sn (tablo 0,26)"
11-3,"Sıçrayan Çağrı","Asa","seken_yaratik",1,1,1,1,1,1,1,1,1,1,"yerinde","yerinde",0.00,"",3.00,1.35,0.66,0.64,1.20,0.00,0.00,"","hasarsız skill (base_damage 0): etki hareketin kendisi; vuruş 3: 0,73s@boss0,00m/oyuncu3,00m 0,87s@boss0,35m/oyuncu3,02m 1,07s@boss0,35m/oyuncu3,02m; kalıp sonu: merkeze 3,00 m, başlangıçtan 0,00 m, kalıp simülasyonundan 0,00 m; toparlanma 0,53 sn (tablo 0,26)"
11-10,"Aynalı Çağrı","Asa","takim_kapisi",1,1,1,1,1,1,1,1,1,1,"yerinde","yerinde",0.00,"",3.00,1.35,1.27,1.24,1.80,0.00,0.00,"","hasarsız skill (base_damage 0): etki hareketin kendisi; vuruş 1: 0,60s@boss3,00m/oyuncu0,00m; kalıp sonu: merkeze 3,00 m, başlangıçtan 0,00 m, kalıp simülasyonundan 0,00 m; toparlanma 0,53 sn (tablo 0,26)"
11-11,"Kopya Çağrı","Asa","ayna_klonlar",1,1,1,1,1,1,1,1,1,1,"yerinde","yerinde",0.00,"",3.00,1.35,0.53,0.50,1.07,0.00,0.00,"","hasarsız skill (base_damage 0): etki hareketin kendisi; vuruş 2: 0,73s@boss2,93m/oyuncu1,41m 0,87s@boss2,93m/oyuncu1,41m; kalıp sonu: merkeze 3,00 m, başlangıçtan 0,00 m, kalıp simülasyonundan 0,00 m; toparlanma 0,53 sn (tablo 0,26)"
11-12,"Akan Çağrı","Asa","kapidan_akin",1,1,1,1,1,1,1,1,1,1,"yerinde","yerinde",0.00,"",3.00,1.35,4.20,4.20,4.74,0.00,0.00,"","hasarsız skill (base_damage 0): etki hareketin kendisi; vuruş 6: 0,73s@boss0,85m/oyuncu2,15m 1,53s@boss0,00m/oyuncu3,00m 2,33s@boss0,00m/oyuncu3,00m 3,14s@boss0,00m/oyuncu3,00m 3,94s@boss0,00m/oyuncu3,00m 4,69s@boss0,00m/oyuncu3,00m; kalıp sonu: merkeze 3,00 m, başlangıçtan 0,00 m, kalıp simülasyonundan 0,00 m; toparlanma 0,53 sn (tablo 0,26)"
12-1,"Yoğun Zaman","Asa","zamanli_donma",1,1,1,1,1,1,1,1,1,1,"ön","ön",0.00,"boss:Slow, boss hız x0,70",1.50,1.35,0.53,0.50,1.00,0.00,0.00,"0/3 kare koşu","vuruş 1: 0,87s@boss0,55m/oyuncu1,28m; kalıp sonu: merkeze 1,50 m, başlangıçtan 1,50 m, kalıp simülasyonundan 0,00 m; toparlanma 0,46 sn (tablo 0,26)"
12-2,"Emici Zaman","Asa","ceken_girdap",1,1,1,1,1,1,1,1,1,1,"yerinde","yerinde",0.00,"boss:Slow, oyuncu:Haste, boss hız x0,70, oyuncu hız x1,30",3.00,1.35,1.33,1.32,1.80,0.00,0.00,"","vuruş 3: 1,13s@boss0,00m/oyuncu3,00m 1,60s@boss0,00m/oyuncu3,00m 1,67s@boss0,00m/oyuncu3,00m; kalıp sonu: merkeze 3,00 m, başlangıçtan 0,00 m, kalıp simülasyonundan 0,00 m; toparlanma 0,46 sn (tablo 0,26)"
12-3,"Sıçrayan Zaman","Asa","geri_donen_kure",1,1,1,1,1,1,1,1,1,1,"yerinde","yerinde",0.00,"boss:Slow, boss hız x0,70",3.00,1.35,0.53,0.50,1.00,0.00,0.00,"","vuruş 2: 0,60s@boss0,30m/oyuncu3,30m 0,87s@boss0,96m/oyuncu2,04m; kalıp sonu: merkeze 3,00 m, başlangıçtan 0,00 m, kalıp simülasyonundan 0,00 m; toparlanma 0,46 sn (tablo 0,26)"
12-10,"Aynalı Zaman","Asa","boss_geri",1,1,1,1,1,1,1,1,1,1,"yerinde","yerinde",0.00,"boss:Slow, boss hız x0,70",3.00,1.35,0.47,0.46,0.93,0.00,0.00,"","vuruş 1: 0,60s@boss0,30m/oyuncu3,30m; kalıp sonu: merkeze 3,00 m, başlangıçtan 0,00 m, kalıp simülasyonundan 0,00 m; toparlanma 0,46 sn (tablo 0,26)"
12-11,"Kopya Zaman","Asa","geri_sarma",1,1,1,1,1,1,1,1,1,1,"başlangıç","başlangıç",0.00,"",1.50,1.35,2.67,2.66,3.13,0.00,0.00,"2/9 kare koşu, ayak/gövde hız oranı 0,93","hasarsız skill (base_damage 0): etki hareketin kendisi; kalıp sonu: merkeze 3,00 m, başlangıçtan 0,00 m, kalıp simülasyonundan 0,00 m; toparlanma 0,46 sn (tablo 0,26)"
12-12,"Akan Zaman","Asa","yuruyen_balon",1,1,1,1,1,1,1,1,1,1,"ön","ön",0.00,"boss:Slow, boss hız x0,70",1.80,1.35,4.30,4.20,4.77,0.00,0.00,"","vuruş 5: 0,53s@boss3,00m/oyuncu0,00m 1,60s@boss2,70m/oyuncu0,00m 2,67s@boss2,38m/oyuncu0,00m 3,67s@boss2,08m/oyuncu0,00m 4,66s@boss1,80m/oyuncu0,00m; kalıp sonu: merkeze 1,80 m, başlangıçtan 1,20 m, kalıp simülasyonundan 0,00 m; toparlanma 0,46 sn (tablo 0,26)"
4-4,"Sabit Kalkan","Asa","duvar_dikme",1,1,1,1,1,1,1,1,1,1,"yerinde","yerinde",0.00,"",3.00,1.35,0.33,0.32,0.87,0.00,0.00,"","hasarsız skill (base_damage 0): etki hareketin kendisi; vuruş 1: 0,73s@boss0,62m/oyuncu2,38m; kalıp sonu: merkeze 3,00 m, başlangıçtan 0,00 m, kalıp simülasyonundan 0,00 m; toparlanma 0,53 sn (tablo 0,26)"
4-5,"Yayılan Kalkan","Asa","onde_yelpaze",1,1,1,1,1,1,1,1,1,1,"yerinde","yerinde",0.00,"",3.00,1.35,0.67,0.63,1.20,0.00,0.00,"","hasarsız skill (base_damage 0): etki hareketin kendisi; vuruş 1: 0,93s@boss1,88m/oyuncu1,12m; kalıp sonu: merkeze 3,00 m, başlangıçtan 0,00 m, kalıp simülasyonundan 0,00 m; toparlanma 0,53 sn (tablo 0,26)"
4-6,"Bağlayıcı Kalkan","Asa","zincirli_firlatma",1,1,1,1,1,1,1,1,1,1,"ön","ön",0.00,"",1.50,1.35,0.73,0.70,1.27,0.00,0.00,"2/4 kare koşu, ayak/gövde hız oranı 0,97","hasarsız skill (base_damage 0): etki hareketin kendisi; vuruş 2: 0,67s@boss0,45m/oyuncu3,45m 1,13s@boss0,48m/oyuncu1,28m; kalıp sonu: merkeze 1,50 m, başlangıçtan 1,50 m, kalıp simülasyonundan 0,00 m; toparlanma 0,53 sn (tablo 0,26)"
4-7,"Bulandırıcı Kalkan","Asa","duman_duvari",1,1,1,1,1,1,1,1,1,1,"yerinde","yerinde",0.00,"",2.80,1.35,0.54,0.52,1.07,0.06,0.00,"","hasarsız skill (base_damage 0): etki hareketin kendisi; vuruş 1: 0,73s@boss0,42m/oyuncu2,38m; kalıp sonu: merkeze 2,80 m, başlangıçtan 0,20 m, kalıp simülasyonundan 0,00 m; toparlanma 0,53 sn (tablo 0,26)"
4-8,"Yükselen Kalkan","Asa","yerden_buyuyen",1,1,1,1,1,1,1,1,1,1,"yerinde","yerinde",0.00,"",3.00,1.35,0.47,0.42,1.00,0.00,0.00,"","hasarsız skill (base_damage 0): etki hareketin kendisi; vuruş 1: 0,80s@boss6,98m/oyuncu4,33m; kalıp sonu: merkeze 3,18 m, başlangıçtan 0,25 m, kalıp simülasyonundan 0,00 m, kalıp hedefi AllyDummy; toparlanma 0,53 sn (tablo 0,26)"
4-9,"Odaklı Kalkan","Asa","koruyucu_isaret",1,1,1,1,1,1,1,1,1,1,"geri","geri",0.00,"",3.00,1.35,0.20,0.20,0.73,0.00,0.00,"0/3 kare koşu","hasarsız skill (base_damage 0): etki hareketin kendisi; vuruş 1: 0,67s@boss3,90m/oyuncu0,35m; kalıp sonu: merkeze 3,61 m, başlangıçtan 0,80 m, kalıp simülasyonundan 0,00 m, kalıp hedefi AllyDummy; toparlanma 0,53 sn (tablo 0,26)"
5-4,"Sabit Patlama","Asa","mayin_cakma",1,1,1,1,1,1,1,1,1,1,"yerinde","yerinde",99244.00,"",3.00,1.35,0.47,0.42,0.93,0.00,0.00,"","vuruş 2: 0,67s@boss0,85m/oyuncu2,15m 0,73s@boss0,85m/oyuncu2,15m; kalıp sonu: merkeze 3,00 m, başlangıçtan 0,00 m, kalıp simülasyonundan 0,00 m; toparlanma 0,46 sn (tablo 0,26)"
5-5,"Yayılan Patlama","Asa","yer_yarigi",1,1,1,1,1,1,1,1,1,1,"ön","ön",86532.00,"",1.50,1.35,0.60,0.56,1.07,0.04,0.00,"0/8 kare koşu","vuruş 3: 0,73s@boss0,25m/oyuncu1,27m 0,80s@boss0,14m/oyuncu1,36m 0,93s@boss0,22m/oyuncu1,28m; kalıp sonu: merkeze 1,50 m, başlangıçtan 2,07 m, kalıp simülasyonundan 0,00 m; toparlanma 0,46 sn (tablo 0,26)"
5-6,"Bağlayıcı Patlama","Asa","gerilip_kopan",1,1,1,1,1,1,1,1,1,1,"geri","geri",100996.00,"boss:Root+Slow, boss hız x0,00",1.35,1.35,0.60,0.58,1.07,0.00,0.00,"0/6 kare koşu","vuruş 2: 0,60s@boss0,85m/oyuncu1,10m 0,94s@boss0,85m/oyuncu2,65m; kalıp sonu: merkeze 2,78 m, başlangıçtan 0,50 m, kalıp simülasyonundan 0,00 m, boss 0,72 m kaydı; toparlanma 0,46 sn (tablo 0,26)"
5-7,"Bulandırıcı Patlama","Asa","sis_bombasi",1,1,1,1,1,1,1,1,1,1,"yerinde","yerinde",155928.00,"boss:Blind, oyuncu:Stealth",3.00,1.35,0.27,0.22,0.74,0.00,0.00,"","vuruş 1: 0,60s@boss0,35m/oyuncu3,35m; kalıp sonu: merkeze 3,00 m, başlangıçtan 0,00 m, kalıp simülasyonundan 0,00 m; toparlanma 0,46 sn (tablo 0,26)"
5-8,"Yükselen Patlama","Asa","yerden_fiskirma",1,1,1,1,1,1,1,1,1,1,"ön","ön",106512.00,"boss:Stun, boss hız x0,00",2.60,1.35,0.47,0.44,0.93,0.00,0.00,"","vuruş 1: 0,73s@boss0,00m/oyuncu2,75m; kalıp sonu: merkeze 2,60 m, başlangıçtan 0,40 m, kalıp simülasyonundan 0,00 m; toparlanma 0,46 sn (tablo 0,26)"
5-9,"Odaklı Patlama","Asa","gudumlu_top",1,1,1,1,1,1,1,1,1,1,"yerinde","yerinde",252464.00,"",3.00,1.35,0.60,0.56,1.07,0.00,0.00,"","vuruş 1: 0,94s@boss0,00m/oyuncu3,00m; kalıp sonu: merkeze 3,00 m, başlangıçtan 0,00 m, kalıp simülasyonundan 0,00 m; toparlanma 0,46 sn (tablo 0,26)"
6-4,"Sabit Bağ","Asa","karsilikli_kilit",1,1,1,1,1,1,1,1,1,1,"ön","ön",23484.00,"boss:Root, boss hız x0,00",1.50,1.35,3.29,3.24,3.82,0.00,0.00,"1/4 kare koşu, ayak/gövde hız oranı 1,01","vuruş 1: 1,00s@boss0,40m/oyuncu1,11m; kalıp sonu: merkeze 1,50 m, başlangıçtan 1,50 m, kalıp simülasyonundan 0,00 m; toparlanma 0,53 sn (tablo 0,26)"
6-5,"Yayılan Bağ","Asa","yer_tuzagi",1,1,1,1,1,1,1,1,1,1,"yerinde","yerinde",20536.00,"boss:Root, boss hız x0,00",3.00,1.35,0.33,0.28,0.87,0.00,0.00,"","vuruş 1: 0,67s@boss0,62m/oyuncu2,38m; kalıp sonu: merkeze 3,00 m, başlangıçtan 0,00 m, kalıp simülasyonundan 0,00 m; toparlanma 0,53 sn (tablo 0,26)"
6-6,"Bağlayıcı Bağ","Asa","iki_uclu",1,1,1,1,1,1,1,1,1,1,"yerinde","yerinde",22532.00,"boss:Root+Slow, boss hız x0,00",3.00,1.35,0.67,0.65,1.20,0.00,0.00,"","vuruş 1: 0,67s@boss0,28m/oyuncu3,28m; kalıp sonu: merkeze 3,00 m, başlangıçtan 0,00 m, kalıp simülasyonundan 0,00 m; toparlanma 0,53 sn (tablo 0,26)"
6-7,"Bulandırıcı Bağ","Asa","goz_bagi",1,1,1,1,1,1,1,1,1,1,"yerinde","yerinde",23208.00,"boss:Blind+Root, boss hız x0,00",3.00,1.35,0.13,0.20,0.67,0.00,0.00,"","vuruş 1: 0,67s@boss0,28m/oyuncu3,28m; kalıp sonu: merkeze 3,00 m, başlangıçtan 0,00 m, kalıp simülasyonundan 0,00 m; toparlanma 0,53 sn (tablo 0,26)"
6-8,"Yükselen Bağ","Asa","havada_asma",1,1,1,1,1,1,1,1,1,1,"ön","ön",26272.00,"boss:Stun+Root, boss hız x0,00",1.50,1.35,1.20,1.14,1.73,0.00,0.00,"0/5 kare koşu","vuruş 1: 1,00s@boss1,50m/oyuncu0,00m; kalıp sonu: merkeze 1,50 m, başlangıçtan 1,50 m, kalıp simülasyonundan 0,00 m; toparlanma 0,53 sn (tablo 0,26)"
6-9,"Odaklı Bağ","Asa","zamanli_donma",1,1,1,1,1,1,1,1,1,1,"ön","ön",37540.00,"boss:Root, boss hız x0,00",1.50,1.35,0.53,0.50,1.07,0.00,0.00,"0/3 kare koşu","vuruş 1: 0,93s@boss0,55m/oyuncu1,28m; kalıp sonu: merkeze 1,50 m, başlangıçtan 1,50 m, kalıp simülasyonundan 0,00 m; toparlanma 0,53 sn (tablo 0,26)"
7-4,"Sabit Zafiyet","Asa","mayin_cakma",1,1,1,1,1,1,1,1,1,1,"yerinde","yerinde",14332.00,"",3.00,1.35,0.47,0.42,1.00,0.00,0.00,"","vuruş 2: 0,73s@boss0,85m/oyuncu2,15m 0,80s@boss0,85m/oyuncu2,15m; kalıp sonu: merkeze 3,00 m, başlangıçtan 0,00 m, kalıp simülasyonundan 0,00 m; toparlanma 0,53 sn (tablo 0,26)"
7-5,"Yayılan Zafiyet","Asa","onde_yelpaze",1,1,1,1,1,1,1,1,1,1,"yerinde","yerinde",13936.00,"",3.00,1.35,0.67,0.63,1.20,0.00,0.00,"","vuruş 1: 0,93s@boss1,88m/oyuncu1,12m; kalıp sonu: merkeze 3,00 m, başlangıçtan 0,00 m, kalıp simülasyonundan 0,00 m; toparlanma 0,53 sn (tablo 0,26)"
7-6,"Bağlayıcı Zafiyet","Asa","dost_ip",1,1,1,1,1,1,1,1,1,1,"yerinde","yerinde",15264.00,"boss:Root+Slow, boss hız x0,00",3.00,1.35,0.67,0.62,1.22,0.00,0.00,"","vuruş 1: 0,68s@boss0,28m/oyuncu3,28m; kalıp sonu: merkeze 3,00 m, başlangıçtan 0,00 m, kalıp simülasyonundan 0,00 m; toparlanma 0,53 sn (tablo 0,26)"
8-4,"Sabit Yükseliş","Asa","totem_dikme",1,1,1,1,1,1,1,1,1,1,"yerinde","yerinde",0.00,"",3.00,1.35,0.34,0.30,0.80,0.00,0.00,"","hasarsız skill (base_damage 0): etki hareketin kendisi; vuruş 1: 0,67s@boss3,10m/oyuncu0,00m; kalıp sonu: merkeze 3,11 m, başlangıçtan 0,15 m, kalıp simülasyonundan 0,00 m, kalıp hedefi AllyDummy; toparlanma 0,46 sn (tablo 0,26)"
8-5,"Yayılan Yükseliş","Asa","savas_narasi",1,1,1,1,1,1,1,1,1,1,"yerinde","yerinde",0.00,"",3.00,1.35,0.40,0.36,0.87,0.00,0.00,"","hasarsız skill (base_damage 0): etki hareketin kendisi; vuruş 1: 0,60s@boss3,00m/oyuncu0,00m; kalıp sonu: merkeze 3,00 m, başlangıçtan 0,00 m, kalıp simülasyonundan 0,00 m; toparlanma 0,46 sn (tablo 0,26)"
8-6,"Bağlayıcı Yükseliş","Asa","dost_dosta",1,1,1,1,1,1,1,1,1,1,"yan","yan",0.00,"",2.38,1.35,0.53,0.52,1.00,0.00,0.00,"1/4 kare koşu, ayak/gövde hız oranı 0,88","hasarsız skill (base_damage 0): etki hareketin kendisi; vuruş 3: 0,54s@boss4,05m/oyuncu1,22m 0,73s@boss2,84m/oyuncu1,41m 0,87s@boss4,76m/oyuncu2,38m; kalıp sonu: merkeze 2,38 m, başlangıçtan 1,41 m, kalıp simülasyonundan 0,00 m, kalıp hedefi AllyDummy; toparlanma 0,46 sn (tablo 0,26)"
9-4,"Sabit Arınma","Asa","yer_tuzagi",1,1,1,1,1,1,1,1,1,1,"yerinde","yerinde",0.00,"oyuncu +24000 can",3.00,1.35,0.33,0.28,0.87,0.00,0.00,"","vuruş 1: 0,67s@boss0,62m/oyuncu2,38m; kalıp sonu: merkeze 3,00 m, başlangıçtan 0,00 m, kalıp simülasyonundan 0,00 m; toparlanma 0,53 sn (tablo 0,26)"
9-5,"Yayılan Arınma","Asa","dagilan_yagmur",1,1,1,1,1,1,1,1,1,1,"yerinde","yerinde",0.00,"oyuncu +24000 can",3.00,1.35,0.60,0.58,1.13,0.00,0.00,"","vuruş 1: 0,86s@boss3,00m/oyuncu0,00m; kalıp sonu: merkeze 3,00 m, başlangıçtan 0,00 m, kalıp simülasyonundan 0,00 m, kalıp hedefi AllyDummy; toparlanma 0,53 sn (tablo 0,26)"
9-6,"Bağlayıcı Arınma","Asa","iki_uclu",1,1,1,1,1,1,1,1,1,1,"yerinde","yerinde",0.00,"oyuncu +24000 can",3.00,1.35,0.67,0.65,1.20,0.00,0.00,"","vuruş 1: 0,66s@boss6,34m/oyuncu3,85m; kalıp sonu: merkeze 3,00 m, başlangıçtan 0,00 m, kalıp simülasyonundan 0,00 m, kalıp hedefi AllyDummy; toparlanma 0,53 sn (tablo 0,26)"
4-10,"Aynalı Kalkan","Asa","sirtta_kapi",1,1,1,1,1,1,1,1,1,1,"ön","ön",24000.00,"",1.80,1.35,0.33,0.32,0.87,0.00,0.00,"0/3 kare koşu","vuruş 2: 0,60s@boss0,92m/oyuncu1,19m 0,73s@boss0,55m/oyuncu2,35m; kalıp sonu: merkeze 1,80 m, başlangıçtan 1,20 m, kalıp simülasyonundan 0,00 m; toparlanma 0,53 sn (tablo 0,26)"
4-11,"Kopya Kalkan","Asa","yem_kopya",1,1,1,1,1,1,1,1,1,1,"yerinde","yerinde",0.00,"",3.00,1.35,0.26,0.24,0.80,0.00,0.00,"","hasarsız skill (base_damage 0): etki hareketin kendisi; vuruş 1: 0,66s@boss2,98m/oyuncu1,29m; kalıp sonu: merkeze 3,00 m, başlangıçtan 0,00 m, kalıp simülasyonundan 0,00 m; toparlanma 0,53 sn (tablo 0,26)"
4-12,"Akan Kalkan","Asa","basili_siper",1,1,1,1,1,1,1,1,1,1,"geri","geri",0.00,"",3.00,1.35,3.02,3.00,3.55,0.00,0.00,"","hasarsız skill (base_damage 0): etki hareketin kendisi; vuruş 3: 1,24s@boss5,16m/oyuncu2,38m 2,22s@boss5,40m/oyuncu2,38m 3,22s@boss5,65m/oyuncu2,38m; kalıp sonu: merkeze 3,61 m, başlangıçtan 0,80 m, kalıp simülasyonundan 0,00 m, kalıp hedefi AllyDummy; toparlanma 0,53 sn (tablo 0,26)"
5-10,"Aynalı Patlama","Asa","karsi_darbe",1,1,1,1,1,1,1,1,1,1,"ön","ön",99124.00,"",1.70,1.35,0.40,0.36,0.87,0.00,0.00,"0/3 kare koşu","vuruş 1: 0,73s@boss0,55m/oyuncu1,36m; kalıp sonu: merkeze 1,70 m, başlangıçtan 1,30 m, kalıp simülasyonundan 0,00 m; toparlanma 0,46 sn (tablo 0,26)"
5-11,"Kopya Patlama","Asa","golge_yankisi",1,1,1,1,1,1,1,1,1,1,"ön","ön",103412.00,"",2.10,1.35,0.53,0.50,1.00,0.00,0.00,"1/3 kare koşu, ayak/gövde hız oranı 1,01","vuruş 2: 0,53s@boss1,12m/oyuncu1,15m 0,87s@boss1,95m/oyuncu1,39m; kalıp sonu: merkeze 2,10 m, başlangıçtan 0,90 m, kalıp simülasyonundan 0,00 m; toparlanma 0,46 sn (tablo 0,26)"
5-12,"Akan Patlama","Asa","patlayan_iz",1,1,1,1,1,1,1,1,1,1,"ön","ön",70188.00,"",2.95,1.35,2.93,3.00,3.40,0.00,0.00,"","vuruş 6: 0,87s@boss2,14m/oyuncu1,53m 1,40s@boss2,34m/oyuncu1,53m 1,87s@boss2,93m/oyuncu1,53m 2,40s@boss2,75m/oyuncu1,53m 2,87s@boss2,45m/oyuncu1,53m 3,40s@boss2,07m/oyuncu1,53m; kalıp sonu: merkeze 3,60 m, başlangıçtan 2,20 m, kalıp simülasyonundan 0,70 m, boss 2,80 m kaydı; toparlanma 0,46 sn (tablo 0,26)"
6-10,"Aynalı Bağ","Asa","karsi_darbe",1,1,1,1,1,1,1,1,1,1,"ön","ön",36200.00,"boss:Root, boss hız x0,00",1.70,1.35,0.40,0.36,0.94,0.00,0.00,"0/3 kare koşu","vuruş 1: 0,80s@boss0,54m/oyuncu1,36m; kalıp sonu: merkeze 1,70 m, başlangıçtan 1,30 m, kalıp simülasyonundan 0,00 m; toparlanma 0,53 sn (tablo 0,26)"
6-11,"Kopya Bağ","Asa","onden_arkadan",1,1,1,1,1,1,1,1,1,1,"ön","ön",28640.00,"boss:Root, boss hız x0,00",2.10,1.35,0.40,0.34,0.93,0.00,0.00,"0/3 kare koşu","vuruş 2: 0,60s@boss1,15m/oyuncu1,11m 0,73s@boss0,60m/oyuncu2,70m; kalıp sonu: merkeze 2,10 m, başlangıçtan 0,90 m, kalıp simülasyonundan 0,00 m; toparlanma 0,53 sn (tablo 0,26)"
6-12,"Akan Bağ","Asa","cember_sarma",1,1,1,1,1,1,1,1,1,1,"arka","arka",16700.00,"boss:Root, boss hız x0,00",1.50,1.35,0.93,0.90,1.47,0.13,0.00,"0/11 kare koşu","vuruş 1: 1,33s@boss0,00m/oyuncu2,06m; kalıp sonu: merkeze 2,06 m, başlangıçtan 4,59 m, kalıp simülasyonundan 0,00 m; toparlanma 0,53 sn (tablo 0,26)"
10-4,"Sabit Yansı","Asa","duvar_dikme",1,1,1,1,1,1,1,1,1,1,"yerinde","yerinde",0.00,"",3.00,1.35,0.33,0.32,0.88,0.00,0.00,"","hasarsız skill (base_damage 0): etki hareketin kendisi; vuruş 1: 0,75s@boss0,62m/oyuncu2,38m; kalıp sonu: merkeze 3,00 m, başlangıçtan 0,00 m, kalıp simülasyonundan 0,00 m; toparlanma 0,53 sn (tablo 0,26)"
10-5,"Yayılan Yansı","Asa","yuruyen_balon",1,1,1,1,1,1,1,1,1,1,"ön","ön",0.00,"",1.80,1.35,4.27,4.20,4.80,0.00,0.00,"","hasarsız skill (base_damage 0): etki hareketin kendisi; vuruş 5: 0,60s@boss3,00m/oyuncu0,00m 1,73s@boss2,68m/oyuncu0,00m 2,73s@boss2,38m/oyuncu0,00m 3,67s@boss2,10m/oyuncu0,00m 4,73s@boss1,80m/oyuncu0,00m; kalıp sonu: merkeze 1,80 m, başlangıçtan 1,20 m, kalıp simülasyonundan 0,00 m; toparlanma 0,53 sn (tablo 0,26)"
10-6,"Bağlayıcı Yansı","Asa","silaha_kement",1,1,1,1,1,1,1,1,1,1,"yerinde","yerinde",0.00,"boss:Root+Slow, boss hız x0,00",3.00,1.35,1.00,0.94,1.53,0.00,0.00,"","vuruş 1: 0,67s@boss0,40m/oyuncu3,40m; kalıp sonu: merkeze 3,00 m, başlangıçtan 0,00 m, kalıp simülasyonundan 0,00 m; toparlanma 0,53 sn (tablo 0,26)"
11-4,"Sabit Çağrı","Asa","taret_dikme",1,1,1,1,1,1,1,1,1,1,"yerinde","yerinde",0.00,"",3.00,1.35,0.47,0.42,1.00,0.00,0.00,"","hasarsız skill (base_damage 0): etki hareketin kendisi; vuruş 2: 0,60s@boss3,00m/oyuncu0,00m 0,87s@boss0,28m/oyuncu3,28m; kalıp sonu: merkeze 3,00 m, başlangıçtan 0,00 m, kalıp simülasyonundan 0,00 m; toparlanma 0,53 sn (tablo 0,26)"
11-5,"Yayılan Çağrı","Asa","dagilan_suru",1,1,1,1,1,1,1,1,1,1,"yerinde","yerinde",0.00,"",3.00,1.35,0.46,0.42,1.00,0.00,0.00,"","hasarsız skill (base_damage 0): etki hareketin kendisi; vuruş 3: 0,60s@boss0,35m/oyuncu3,02m 0,73s@boss0,00m/oyuncu3,00m 0,87s@boss0,35m/oyuncu3,02m; kalıp sonu: merkeze 3,00 m, başlangıçtan 0,00 m, kalıp simülasyonundan 0,00 m; toparlanma 0,53 sn (tablo 0,26)"
11-6,"Bağlayıcı Çağrı","Asa","muhafiz",1,1,1,1,1,1,1,1,1,1,"yerinde","yerinde",0.00,"boss:Root+Slow, boss hız x0,00",3.00,1.35,0.53,0.52,1.11,0.00,0.00,"","vuruş 1: 0,71s@boss2,89m/oyuncu1,20m; kalıp sonu: merkeze 3,00 m, başlangıçtan 0,00 m, kalıp simülasyonundan 0,00 m; toparlanma 0,53 sn (tablo 0,26)"
12-4,"Sabit Zaman","Asa","totem_dikme",1,1,1,1,1,1,1,1,1,1,"yerinde","yerinde",0.00,"boss:Slow+Stun, boss hız x0,00",2.85,1.35,0.33,0.30,0.79,0.00,0.00,"","vuruş 1: 0,66s@boss2,87m/oyuncu0,00m; kalıp sonu: merkeze 2,85 m, başlangıçtan 0,15 m, kalıp simülasyonundan 0,00 m; toparlanma 0,46 sn (tablo 0,26)"
12-5,"Yayılan Zaman","Asa","genisleyen_halka",1,1,1,1,1,1,1,1,1,1,"yerinde","yerinde",0.00,"boss:Slow, boss hız x0,70",3.00,1.35,0.60,0.58,1.07,0.00,0.00,"","vuruş 1: 0,87s@boss3,00m/oyuncu0,00m; kalıp sonu: merkeze 3,00 m, başlangıçtan 0,00 m, kalıp simülasyonundan 0,00 m; toparlanma 0,46 sn (tablo 0,26)"
12-6,"Bağlayıcı Zaman","Asa","iki_uclu",1,1,1,1,1,1,1,1,1,1,"yerinde","yerinde",0.00,"oyuncu:Haste, oyuncu hız x1,30",3.00,1.35,0.67,0.65,1.13,0.00,0.00,"","vuruş 1: 0,60s@boss0,28m/oyuncu3,28m; kalıp sonu: merkeze 3,00 m, başlangıçtan 0,00 m, kalıp simülasyonundan 0,00 m; toparlanma 0,46 sn (tablo 0,26)"
7-7,"Bulandırıcı Zafiyet","Asa","sis_bombasi",1,1,1,1,1,1,1,1,1,1,"yerinde","yerinde",14472.00,"boss:Blind",3.00,1.35,0.27,0.22,0.80,0.00,0.00,"","vuruş 1: 0,67s@boss0,35m/oyuncu3,35m; kalıp sonu: merkeze 3,00 m, başlangıçtan 0,00 m, kalıp simülasyonundan 0,00 m; toparlanma 0,53 sn (tablo 0,26)"
7-8,"Yükselen Zafiyet","Asa","yerden_fiskirma",1,1,1,1,1,1,1,1,1,1,"ön","ön",16384.00,"boss:Stun, boss hız x0,00",2.60,1.35,0.47,0.44,1.00,0.00,0.00,"","vuruş 1: 0,80s@boss0,00m/oyuncu2,75m; kalıp sonu: merkeze 2,60 m, başlangıçtan 0,40 m, kalıp simülasyonundan 0,00 m; toparlanma 0,53 sn (tablo 0,26)"
7-9,"Odaklı Zafiyet","Asa","isaret_patlamasi",1,1,1,1,1,1,1,1,1,1,"yerinde","yerinde",22796.00,"",3.00,1.35,1.94,1.92,2.48,0.00,0.00,"","vuruş 1: 2,33s@boss0,00m/oyuncu3,00m; kalıp sonu: merkeze 3,00 m, başlangıçtan 0,00 m, kalıp simülasyonundan 0,00 m; toparlanma 0,53 sn (tablo 0,26)"
7-10,"Aynalı Zafiyet","Asa","onden_arkadan",1,1,1,1,1,1,1,1,1,1,"ön","ön",24252.00,"",2.10,1.35,0.40,0.34,0.93,0.00,0.00,"0/3 kare koşu","vuruş 2: 0,60s@boss1,14m/oyuncu1,11m 0,74s@boss0,60m/oyuncu2,70m; kalıp sonu: merkeze 2,10 m, başlangıçtan 0,90 m, kalıp simülasyonundan 0,00 m; toparlanma 0,53 sn (tablo 0,26)"
7-11,"Kopya Zafiyet","Asa","golge_yankisi",1,1,1,1,1,1,1,1,1,1,"ön","ön",22760.00,"",2.10,1.35,0.53,0.50,1.07,0.00,0.00,"1/3 kare koşu, ayak/gövde hız oranı 1,01","vuruş 2: 0,60s@boss1,09m/oyuncu1,15m 0,93s@boss1,95m/oyuncu1,39m; kalıp sonu: merkeze 2,10 m, başlangıçtan 0,90 m, kalıp simülasyonundan 0,00 m; toparlanma 0,53 sn (tablo 0,26)"
7-12,"Akan Zafiyet","Asa","basili_isik",1,1,1,1,1,1,1,1,1,1,"ön","ön",13448.00,"",1.80,1.35,3.07,3.00,3.60,0.00,0.00,"","vuruş 6: 0,73s@boss0,17m/oyuncu2,72m 1,27s@boss0,04m/oyuncu2,72m 1,73s@boss0,23m/oyuncu2,72m 2,27s@boss0,44m/oyuncu2,72m 2,73s@boss0,63m/oyuncu2,72m 3,27s@boss0,84m/oyuncu2,72m; kalıp sonu: merkeze 1,80 m, başlangıçtan 1,20 m, kalıp simülasyonundan 0,00 m; toparlanma 0,53 sn (tablo 0,26)"
8-7,"Bulandırıcı Yükseliş","Asa","goz_bagi",1,1,1,1,1,1,1,1,1,1,"yerinde","yerinde",0.00,"",3.00,1.35,0.27,0.20,0.73,0.00,0.00,"","hasarsız skill (base_damage 0): etki hareketin kendisi; vuruş 1: 0,60s@boss0,28m/oyuncu3,28m; kalıp sonu: merkeze 3,00 m, başlangıçtan 0,00 m, kalıp simülasyonundan 0,00 m; toparlanma 0,46 sn (tablo 0,26)"
8-8,"Yükselen Yükseliş","Asa","buyuten_kemer",1,1,1,1,1,1,1,1,1,1,"yerinde","yerinde",0.00,"",3.00,1.35,0.47,0.42,0.93,0.00,0.00,"","hasarsız skill (base_damage 0): etki hareketin kendisi; vuruş 1: 0,73s@boss5,04m/oyuncu2,21m; kalıp sonu: merkeze 3,22 m, başlangıçtan 0,30 m, kalıp simülasyonundan 0,00 m, kalıp hedefi AllyDummy; toparlanma 0,46 sn (tablo 0,26)"
8-9,"Odaklı Yükseliş","Asa","gudumlu_top",1,1,1,1,1,1,1,1,1,1,"yerinde","yerinde",0.00,"",3.00,1.35,0.62,0.56,1.09,0.00,0.00,"","hasarsız skill (base_damage 0): etki hareketin kendisi; vuruş 1: 0,89s@boss6,98m/oyuncu4,53m; kalıp sonu: merkeze 3,00 m, başlangıçtan 0,00 m, kalıp simülasyonundan 0,00 m, kalıp hedefi AllyDummy; toparlanma 0,46 sn (tablo 0,26)"
8-10,"Aynalı Yükseliş","Asa","ters_es",1,1,1,1,1,1,1,1,1,1,"yerinde","yerinde",0.00,"",3.00,1.35,0.47,0.44,0.93,0.00,0.00,"","hasarsız skill (base_damage 0): etki hareketin kendisi; vuruş 2: 0,60s@boss2,60m/oyuncu0,40m 0,80s@boss0,00m/oyuncu3,00m; kalıp sonu: merkeze 3,00 m, başlangıçtan 0,00 m, kalıp simülasyonundan 0,00 m; toparlanma 0,46 sn (tablo 0,26)"
8-11,"Kopya Yükseliş","Asa","golge_ulak",1,1,1,1,1,1,1,1,1,1,"yan","yan",0.00,"",2.43,1.35,1.40,1.36,1.87,0.00,0.00,"1/3 kare koşu, ayak/gövde hız oranı 1,00","hasarsız skill (base_damage 0): etki hareketin kendisi; vuruş 2: 0,53s@boss3,26m/oyuncu0,35m 1,73s@boss3,04m/oyuncu1,46m; kalıp sonu: merkeze 2,43 m, başlangıçtan 1,41 m, kalıp simülasyonundan 0,00 m, kalıp hedefi AllyDummy; toparlanma 0,46 sn (tablo 0,26)"
8-12,"Akan Yükseliş","Asa","akinti_yolu",1,1,1,1,1,1,1,1,1,1,"geri","geri",0.00,"",3.00,1.35,1.00,0.94,1.47,0.00,0.00,"0/10 kare koşu","hasarsız skill (base_damage 0): etki hareketin kendisi; vuruş 1: 1,27s@boss6,27m/oyuncu2,38m; kalıp sonu: merkeze 4,11 m, başlangıçtan 1,40 m, kalıp simülasyonundan 0,00 m, kalıp hedefi AllyDummy; toparlanma 0,46 sn (tablo 0,26)"
9-7,"Bulandırıcı Arınma","Asa","sis_ortusu",1,1,1,1,1,1,1,1,1,1,"yerinde","yerinde",0.00,"oyuncu +24000 can",3.00,1.35,0.34,0.30,0.87,0.00,0.00,"","vuruş 1: 0,67s@boss0,00m/oyuncu3,00m; kalıp sonu: merkeze 3,00 m, başlangıçtan 0,00 m, kalıp simülasyonundan 0,00 m; toparlanma 0,53 sn (tablo 0,26)"
9-8,"Yükselen Arınma","Asa","isik_sutunu",1,1,1,1,1,1,1,1,1,1,"yerinde","yerinde",0.00,"oyuncu +24000 can",3.00,1.35,0.53,0.48,1.06,0.00,0.00,"","vuruş 1: 0,86s@boss3,06m/oyuncu0,00m; kalıp sonu: merkeze 3,07 m, başlangıçtan 0,10 m, kalıp simülasyonundan 0,00 m, kalıp hedefi AllyDummy; toparlanma 0,53 sn (tablo 0,26)"
9-9,"Odaklı Arınma","Asa","mermi_sondur",1,1,1,1,1,1,1,1,1,1,"yerinde","yerinde",0.00,"oyuncu +24000 can",3.00,1.35,0.40,0.38,0.93,0.00,0.00,"","vuruş 1: 0,80s@boss6,98m/oyuncu4,53m; kalıp sonu: merkeze 3,00 m, başlangıçtan 0,00 m, kalıp simülasyonundan 0,00 m, kalıp hedefi AllyDummy; toparlanma 0,53 sn (tablo 0,26)"
9-10,"Aynalı Arınma","Asa","yer_degistir",1,1,1,1,1,1,1,1,1,1,"arka","arka",0.00,"oyuncu +24000 can",1.50,1.35,0.40,0.34,0.93,0.00,0.00,"0/1 kare koşu","vuruş 1: 0,80s@boss0,31m/oyuncu1,19m; kalıp sonu: merkeze 1,50 m, başlangıçtan 4,50 m, kalıp simülasyonundan 0,00 m, ışın 8,34 m konumdan çıkarıldı; tek karede 8,34 m sıçrama (sınır 2,52 m @ 68 ms, t=0,93, ışın tasarım gereği); toparlanma 0,53 sn (tablo 0,26)"
9-11,"Kopya Arınma","Asa","yem_kopya",1,1,1,1,1,1,1,1,1,1,"yerinde","yerinde",0.00,"oyuncu +24000 can",3.00,1.35,0.27,0.24,0.80,0.00,0.00,"","vuruş 1: 0,60s@boss2,98m/oyuncu1,29m; kalıp sonu: merkeze 3,00 m, başlangıçtan 0,00 m, kalıp simülasyonundan 0,00 m; toparlanma 0,53 sn (tablo 0,26)"
9-12,"Akan Arınma","Asa","nabiz",1,1,1,1,1,1,1,1,1,1,"yerinde","yerinde",0.00,"oyuncu +16000 can, dost +8000 can",3.00,1.35,3.20,3.18,3.73,0.00,0.00,"","vuruş 3: 1,66s@boss3,00m/oyuncu0,00m 2,67s@boss3,00m/oyuncu0,00m 3,67s@boss3,00m/oyuncu0,00m; kalıp sonu: merkeze 3,00 m, başlangıçtan 0,00 m, kalıp simülasyonundan 0,00 m; toparlanma 0,53 sn (tablo 0,26)"
10-7,"Bulandırıcı Yansı","Asa","sahte_goruntu",1,1,1,1,1,1,1,1,1,1,"geri","geri",0.00,"boss:Blind",3.00,1.35,0.47,0.44,1.00,0.00,0.00,"2/3 kare koşu, ayak/gövde hız oranı 0,93","vuruş 3: 0,60s@boss3,06m/oyuncu1,37m 0,73s@boss3,06m/oyuncu1,37m 0,87s@boss3,68m/oyuncu0,00m; kalıp sonu: merkeze 3,90 m, başlangıçtan 0,90 m, kalıp simülasyonundan 0,00 m; toparlanma 0,53 sn (tablo 0,26)"
10-8,"Yükselen Yansı","Asa","yerden_buyuyen",1,1,1,1,1,1,1,1,1,1,"yerinde","yerinde",0.00,"",2.75,1.35,0.46,0.42,1.00,0.00,0.00,"","hasarsız skill (base_damage 0): etki hareketin kendisi; vuruş 1: 0,80s@boss0,00m/oyuncu2,80m; kalıp sonu: merkeze 2,75 m, başlangıçtan 0,25 m, kalıp simülasyonundan 0,00 m; toparlanma 0,53 sn (tablo 0,26)"
10-9,"Odaklı Yansı","Asa","koruyucu_isaret",1,1,1,1,1,1,1,1,1,1,"ön","ön",0.00,"",2.20,1.35,0.20,0.20,0.73,0.00,0.00,"0/3 kare koşu","hasarsız skill (base_damage 0): etki hareketin kendisi; vuruş 1: 0,67s@boss1,85m/oyuncu0,35m; kalıp sonu: merkeze 2,20 m, başlangıçtan 0,80 m, kalıp simülasyonundan 0,00 m; toparlanma 0,53 sn (tablo 0,26)"
11-7,"Bulandırıcı Çağrı","Asa","sirt_saplama",1,1,1,1,1,1,1,1,1,1,"yerinde","yerinde",0.00,"boss:Blind",3.00,1.35,0.33,0.32,0.87,0.00,0.00,"","vuruş 1: 0,73s@boss0,00m/oyuncu3,00m; kalıp sonu: merkeze 3,00 m, başlangıçtan 0,00 m, kalıp simülasyonundan 0,00 m; toparlanma 0,53 sn (tablo 0,26)"
11-8,"Yükselen Çağrı","Asa","dostu_yerden",1,1,1,1,1,1,1,1,1,1,"yan","yan",0.00,"",2.96,1.35,0.80,0.78,1.33,0.00,0.00,"0/8 kare koşu","hasarsız skill (base_damage 0): etki hareketin kendisi; vuruş 1: 1,13s@boss2,82m/oyuncu0,95m; kalıp sonu: merkeze 2,99 m, başlangıçtan 0,91 m, kalıp simülasyonundan 0,00 m; toparlanma 0,53 sn (tablo 0,26)"
11-9,"Odaklı Çağrı","Asa","pesinden_av",1,1,1,1,1,1,1,1,1,1,"ön","ön",0.00,"",2.60,1.35,2.47,2.44,3.00,0.00,0.00,"0/2 kare koşu","hasarsız skill (base_damage 0): etki hareketin kendisi; vuruş 1: 2,87s@boss0,00m/oyuncu2,60m; kalıp sonu: merkeze 2,60 m, başlangıçtan 0,40 m, kalıp simülasyonundan 0,00 m; toparlanma 0,53 sn (tablo 0,26)"
12-7,"Bulandırıcı Zaman","Asa","kum_saati",1,1,1,1,1,1,1,1,1,1,"yerinde","yerinde",0.00,"boss:Blind+Slow, boss hız x0,70",3.00,1.35,0.67,0.62,1.13,0.00,0.00,"","vuruş 1: 0,60s@boss0,28m/oyuncu3,28m; kalıp sonu: merkeze 3,00 m, başlangıçtan 0,00 m, kalıp simülasyonundan 0,00 m; toparlanma 0,46 sn (tablo 0,26)"
12-8,"Yükselen Zaman","Asa","isik_sutunu",1,1,1,1,1,1,1,1,1,1,"yerinde","yerinde",0.00,"oyuncu:Haste, oyuncu hız x1,50",2.90,1.35,0.53,0.48,1.00,0.00,0.00,"","vuruş 1: 0,80s@boss2,92m/oyuncu0,00m; kalıp sonu: merkeze 2,90 m, başlangıçtan 0,10 m, kalıp simülasyonundan 0,00 m; toparlanma 0,46 sn (tablo 0,26)"
12-9,"Odaklı Zaman","Asa","isaret_patlamasi",1,1,1,1,1,1,1,1,1,1,"yerinde","yerinde",0.00,"boss:Slow, boss hız x0,70",3.00,1.35,1.94,1.92,2.40,0.00,0.00,"","vuruş 1: 2,27s@boss0,00m/oyuncu3,00m; kalıp sonu: merkeze 3,00 m, başlangıçtan 0,00 m, kalıp simülasyonundan 0,00 m; toparlanma 0,46 sn (tablo 0,26)"
