klip;bas_kare;son_kare;sure_sn;impact_kare;impact_sn;trail_on_sn;trail_off_sn;duzeltme;charge_sn;tut_sn;ejder_sn
Buyu_Arindirma;1;66;2.167;;;;;;;;
Buyu_Kontrol;1;70;2.3;;;;;;;;
Buyu_Sifa;1;52;1.7;;;;;;;;
Cekic_ATIL;1;66;2.167;;;;;;;;
Cekic_VUR;1;30;0.967;15;0.467;;;DZ;;;0.333
Kilic_ATIL;1;17;0.533;;;;;;;;
Kilic_DURUS;1;38;1.233;;;;;DZ;;;
Kilic_VUR;1;13;0.4;7;0.2;0.133;0.4;DZ;;;
Loko_Agir_Idle;1;58;1.9;;;;;;;;
Loko_Agir_Run;1;23;0.733;;;;;;;;
Loko_Kilic_Idle;1;107;3.533;;;;;DZ;;;
Loko_Kilic_Run;1;22;0.7;;;;;DZ;;;
Loko_Yay_Idle;1;153;5.067;;;;;;;;
Loko_Yay_Run;1;27;0.867;;;;;;;;
Ortak_HitAgir;1;36;1.167;;;;;;;;
Ortak_HitHafif;1;36;1.167;;;;;;;;
Ortak_Inis;1;33;1.067;;;;;;;;
Ortak_Isaret;1;84;2.767;;;;;;;;
Ortak_Olum;1;110;3.633;;;;;;;;
Ortak_Takla;1;51;1.667;;;;;;;;
Ortak_Zipla;1;58;1.9;;;;;;;;
Yay_DURUS;1;60;1.967;;;;;;;;
Yay_VUR;1;17;0.533;11;0.333;;;DZ;;;
Yay_VUR_a;1;32;1.033;;;;;;;;
Yay_VUR_b;1;22;0.7;;;;;;;;
